domain,model,donor_wy,swe_mm,soil_liq_mm,aquifer_mm,total_storage_mm,basin,spatial
East_River_lumped,bigBuckt,2001,0.0,103.96951508217448,133.51542837127514,237.4849434534496,East_River,lumped
East_River_lumped,bigBuckt,2002,0.0,103.9697032508557,134.20157130398226,238.17127455483796,East_River,lumped
East_River_lumped,bigBuckt,2003,0.0,103.96954744290593,140.2910979136862,244.26064535659214,East_River,lumped
East_River_lumped,bigBuckt,2004,0.0,103.96960040029579,132.53252910406056,236.50212950435633,East_River,lumped
East_River_lumped,bigBuckt,2005,0.0,103.96951405071397,135.05728161684704,239.026795667561,East_River,lumped
East_River_lumped,bigBuckt,2006,0.0,103.96933565727005,127.16897981957567,231.13831547684572,East_River,lumped
East_River_lumped,bigBuckt,2007,0.0,103.96988331848783,142.42245983833965,246.39234315682748,East_River,lumped
East_River_lumped,bigBuckt,2008,0.0,103.96947849452513,137.03729963162863,241.00677812615376,East_River,lumped
East_River_lumped,bigBuckt,2009,0.0,103.96945234384742,140.2533448434173,244.22279718726472,East_River,lumped
East_River_lumped,bigBuckt,2010,0.0,103.96953042297424,137.21123930694895,241.1807697299232,East_River,lumped
East_River_lumped,bigBuckt,2011,0.0,103.97289259733597,147.57713923656164,251.5500318338976,East_River,lumped
East_River_lumped,bigBuckt,2012,0.0,103.96944110565852,132.4230306010524,236.39247170671092,East_River,lumped
East_River_lumped,bigBuckt,2013,0.0,103.96935731225526,137.48758690634648,241.45694421860173,East_River,lumped
East_River_lumped,bigBuckt,2014,0.0,103.96947437137506,134.09151911706832,238.0609934884434,East_River,lumped
East_River_lumped,bigBuckt,2015,0.0,103.97364232989867,152.94645788093578,256.92010021083445,East_River,lumped
East_River_lumped,bigBuckt,2016,0.0,103.96940100924125,137.13705220496996,241.10645321421123,East_River,lumped
East_River_lumped,bigBuckt,2017,0.0,103.96956547656438,128.79540983925307,232.76497531581745,East_River,lumped
East_River_lumped,bigBuckt,2018,0.0,103.96948475480563,137.7919801091816,241.76146486398721,East_River,lumped
East_River_lumped,bigBuckt,2019,0.0,103.96983340178502,137.67153953689606,241.6413729386811,East_River,lumped
East_River_lumped,bigBuckt,2020,0.0,103.96950165598318,138.49141374239065,242.46091539837383,East_River,lumped
East_River_lumped,noXplict,2001,0.0,155.95350865575017,0.0,155.95350865575017,East_River,lumped
East_River_lumped,noXplict,2002,0.0,156.30655298373676,0.0,156.30655298373676,East_River,lumped
East_River_lumped,noXplict,2003,0.0,156.12227852358927,0.0,156.12227852358927,East_River,lumped
East_River_lumped,noXplict,2004,0.0,155.9204176572921,0.0,155.9204176572921,East_River,lumped
East_River_lumped,noXplict,2005,0.0,155.77031441740968,0.0,155.77031441740968,East_River,lumped
East_River_lumped,noXplict,2006,0.0,155.40215603165296,0.0,155.40215603165296,East_River,lumped
East_River_lumped,noXplict,2007,0.0,156.51414444539932,0.0,156.51414444539932,East_River,lumped
East_River_lumped,noXplict,2008,0.0,156.01114591331475,0.0,156.01114591331475,East_River,lumped
East_River_lumped,noXplict,2009,0.0,156.07487147728028,0.0,156.07487147728028,East_River,lumped
East_River_lumped,noXplict,2010,0.0,156.01662363041893,0.0,156.01662363041893,East_River,lumped
East_River_lumped,noXplict,2011,0.0,156.46557140899193,0.0,156.46557140899193,East_River,lumped
East_River_lumped,noXplict,2012,0.0,156.05218249573437,0.0,156.05218249573437,East_River,lumped
East_River_lumped,noXplict,2013,0.0,155.7800591837006,0.0,155.7800591837006,East_River,lumped
East_River_lumped,noXplict,2014,0.0,155.90896696016256,0.0,155.90896696016256,East_River,lumped
East_River_lumped,noXplict,2015,0.0,156.58024915407623,0.0,156.58024915407623,East_River,lumped
East_River_lumped,noXplict,2016,0.0,155.8429380304741,0.0,155.8429380304741,East_River,lumped
East_River_lumped,noXplict,2017,0.0,156.24894305638477,0.0,156.24894305638477,East_River,lumped
East_River_lumped,noXplict,2018,0.0,156.08232180561538,0.0,156.08232180561538,East_River,lumped
East_River_lumped,noXplict,2019,0.0,156.41894063134401,0.0,156.41894063134401,East_River,lumped
East_River_lumped,noXplict,2020,0.0,156.17957758357636,0.0,156.17957758357636,East_River,lumped
East_River_distributed,bigBuckt,2001,0.0,180.74371218775624,121.87147316964267,302.6151853573989,East_River,elev
East_River_distributed,bigBuckt,2002,0.0,181.5881398837688,124.14451410121698,305.7326539849858,East_River,elev
East_River_distributed,bigBuckt,2003,0.0,180.51603593501181,126.96624473713285,307.48228067214467,East_River,elev
East_River_distributed,bigBuckt,2004,0.0,180.09339847957114,119.44929784945975,299.5426963290309,East_River,elev
East_River_distributed,bigBuckt,2005,0.0,180.2793431897775,123.61612998352308,303.8954731733006,East_River,elev
East_River_distributed,bigBuckt,2006,0.0,178.79783529274394,115.06201007521182,293.85984536795576,East_River,elev
East_River_distributed,bigBuckt,2007,0.0,181.9179369238723,130.7362142361193,312.6541511599916,East_River,elev
East_River_distributed,bigBuckt,2008,0.0,180.25970128370022,125.26010339452826,305.51980467822847,East_River,elev
East_River_distributed,bigBuckt,2009,0.0,180.58993355752807,127.35251418651605,307.9424477440441,East_River,elev
East_River_distributed,bigBuckt,2010,0.0,180.76493642841152,125.69585369519065,306.4607901236022,East_River,elev
East_River_distributed,bigBuckt,2011,0.0,182.3390253312378,135.86803489904563,318.20706023028345,East_River,elev
East_River_distributed,bigBuckt,2012,0.0,180.57074732160072,120.2388352763319,300.8095825979326,East_River,elev
East_River_distributed,bigBuckt,2013,0.0,179.7341922550743,123.51801897311307,303.2522112281874,East_River,elev
East_River_distributed,bigBuckt,2014,0.0,180.19047397094403,121.03113480758816,301.2216087785322,East_River,elev
East_River_distributed,bigBuckt,2015,0.0,182.32682984232045,140.88996358983448,323.21679343215493,East_River,elev
East_River_distributed,bigBuckt,2016,0.0,179.6421812744217,124.21631147051266,303.8584927449343,East_River,elev
East_River_distributed,bigBuckt,2017,0.0,181.10771785480938,120.37330609899847,301.48102395380783,East_River,elev
East_River_distributed,bigBuckt,2018,0.0,180.65343016911638,124.60036428751147,305.2537944566278,East_River,elev
East_River_distributed,bigBuckt,2019,0.0,181.91009409440446,130.36679934264893,312.2768934370534,East_River,elev
East_River_distributed,bigBuckt,2020,0.0,180.77593602682262,125.48266694494872,306.2586029717713,East_River,elev
East_River_distributed,noXplict,2001,0.0,136.96085341707527,0.0,136.96085341707527,East_River,elev
East_River_distributed,noXplict,2002,0.0,144.77955169906232,0.0,144.77955169906232,East_River,elev
East_River_distributed,noXplict,2003,0.0,141.32373984272184,0.0,141.32373984272184,East_River,elev
East_River_distributed,noXplict,2004,0.0,134.13837140419997,0.0,134.13837140419997,East_River,elev
East_River_distributed,noXplict,2005,0.0,136.97314226642783,0.0,136.97314226642783,East_River,elev
East_River_distributed,noXplict,2006,0.0,132.27590148077314,0.0,132.27590148077314,East_River,elev
East_River_distributed,noXplict,2007,0.0,145.30281194050264,0.0,145.30281194050264,East_River,elev
East_River_distributed,noXplict,2008,0.0,139.70681998899138,0.0,139.70681998899138,East_River,elev
East_River_distributed,noXplict,2009,0.0,142.03938168809708,0.0,142.03938168809708,East_River,elev
East_River_distributed,noXplict,2010,0.0,137.21542150335026,0.0,137.21542150335026,East_River,elev
East_River_distributed,noXplict,2011,0.0,146.70834727276593,0.0,146.70834727276593,East_River,elev
East_River_distributed,noXplict,2012,0.0,135.91838438272225,0.0,135.91838438272225,East_River,elev
East_River_distributed,noXplict,2013,0.0,135.27272349855468,0.0,135.27272349855468,East_River,elev
East_River_distributed,noXplict,2014,0.0,134.74122328854497,0.0,134.74122328854497,East_River,elev
East_River_distributed,noXplict,2015,0.0,146.43780643936614,0.0,146.43780643936614,East_River,elev
East_River_distributed,noXplict,2016,0.0,135.9438210385996,0.0,135.9438210385996,East_River,elev
East_River_distributed,noXplict,2017,0.0,140.91766469247085,0.0,140.91766469247085,East_River,elev
East_River_distributed,noXplict,2018,0.0,139.2354830041283,0.0,139.2354830041283,East_River,elev
East_River_distributed,noXplict,2019,0.0,145.44718914005543,0.0,145.44718914005543,East_River,elev
East_River_distributed,noXplict,2020,0.0,140.70235656749077,0.0,140.70235656749077,East_River,elev
East_River_distributed,qTopmodl,2001,0.0,610.0727703239813,0.0,610.0727703239813,East_River,elev
East_River_distributed,qTopmodl,2002,0.0,622.4924389228263,0.0,622.4924389228263,East_River,elev
East_River_distributed,qTopmodl,2003,0.0,617.97453838219,0.0,617.97453838219,East_River,elev
East_River_distributed,qTopmodl,2004,0.0,599.3819373237316,0.0,599.3819373237316,East_River,elev
East_River_distributed,qTopmodl,2005,0.0,603.5998897420614,0.0,603.5998897420614,East_River,elev
East_River_distributed,qTopmodl,2006,0.0,588.6968939289286,0.0,588.6968939289286,East_River,elev
East_River_distributed,qTopmodl,2007,0.0,624.8671031333029,0.0,624.8671031333029,East_River,elev
East_River_distributed,qTopmodl,2008,0.0,622.8992560616875,0.0,622.8992560616875,East_River,elev
East_River_distributed,qTopmodl,2009,0.0,612.8962326993034,0.0,612.8962326993034,East_River,elev
East_River_distributed,qTopmodl,2010,0.0,615.0694098296536,0.0,615.0694098296536,East_River,elev
East_River_distributed,qTopmodl,2011,0.0,627.9746960037346,0.0,627.9746960037346,East_River,elev
East_River_distributed,qTopmodl,2012,0.0,614.7633798705488,0.0,614.7633798705488,East_River,elev
East_River_distributed,qTopmodl,2013,0.0,618.3986790373767,0.0,618.3986790373767,East_River,elev
East_River_distributed,qTopmodl,2014,0.0,606.0880419769287,0.0,606.0880419769287,East_River,elev
East_River_distributed,qTopmodl,2015,0.0,627.5631626680387,0.0,627.5631626680387,East_River,elev
East_River_distributed,qTopmodl,2016,0.0,615.2393643324365,0.0,615.2393643324365,East_River,elev
East_River_distributed,qTopmodl,2017,0.0,616.3799722762024,0.0,616.3799722762024,East_River,elev
East_River_distributed,qTopmodl,2018,0.0,616.909537572489,0.0,616.909537572489,East_River,elev
East_River_distributed,qTopmodl,2019,0.0,628.4836820734213,0.0,628.4836820734213,East_River,elev
East_River_distributed,qTopmodl,2020,0.0,615.1307183790285,0.0,615.1307183790285,East_River,elev
East_River_distributed_elevAspect,bigBuckt,2001,0.0,176.08471477055875,128.816162651873,304.90087742243173,East_River,elevAspect
East_River_distributed_elevAspect,bigBuckt,2002,0.0,176.33301882519504,129.77939088686236,306.1124097120574,East_River,elevAspect
East_River_distributed_elevAspect,bigBuckt,2003,0.0,175.9196997917363,132.81274531475637,308.73244510649266,East_River,elevAspect
East_River_distributed_elevAspect,bigBuckt,2004,0.0,175.67593986835715,127.3646491938872,303.04058906224435,East_River,elevAspect
East_River_distributed_elevAspect,bigBuckt,2005,0.0,175.96148470494717,130.22730607219404,306.1887907771412,East_River,elevAspect
East_River_distributed_elevAspect,bigBuckt,2006,0.0,174.2857775609707,123.8594243137608,298.14520187473147,East_River,elevAspect
East_River_distributed_elevAspect,bigBuckt,2007,0.0,177.43765921974696,134.81880647927733,312.25646569902426,East_River,elevAspect
East_River_distributed_elevAspect,bigBuckt,2008,0.0,175.4481428538653,131.26823921538372,306.716382069249,East_River,elevAspect
East_River_distributed_elevAspect,bigBuckt,2009,0.0,176.1873343330745,133.30450565279796,309.49183998587245,East_River,elevAspect
East_River_distributed_elevAspect,bigBuckt,2010,0.0,176.34593177272362,131.4213889207252,307.7673206934488,East_River,elevAspect
East_River_distributed_elevAspect,bigBuckt,2011,0.0,178.10532877124905,139.09669413794052,317.20202290918957,East_River,elevAspect
East_River_distributed_elevAspect,bigBuckt,2012,0.0,175.0486558945852,127.64178040742539,302.6904363020106,East_River,elevAspect
East_River_distributed_elevAspect,bigBuckt,2013,0.0,174.84373295481902,130.81729321682096,305.66102617163995,East_River,elevAspect
East_River_distributed_elevAspect,bigBuckt,2014,0.0,175.19031976448193,128.29783672377667,303.4881564882586,East_River,elevAspect
East_River_distributed_elevAspect,bigBuckt,2015,0.0,178.71041313017034,143.14063285528235,321.8510459854527,East_River,elevAspect
East_River_distributed_elevAspect,bigBuckt,2016,0.0,175.02854280268798,131.06779207350922,306.0963348761972,East_River,elevAspect
East_River_distributed_elevAspect,bigBuckt,2017,0.0,175.60060860499874,127.59369912711138,303.19430773211013,East_River,elevAspect
East_River_distributed_elevAspect,bigBuckt,2018,0.0,175.39345885862397,130.5190820114121,305.9125408700361,East_River,elevAspect
East_River_distributed_elevAspect,bigBuckt,2019,0.0,178.1607324782746,135.09465351932255,313.25538599759716,East_River,elevAspect
East_River_distributed_elevAspect,bigBuckt,2020,0.0,175.87398054916733,130.87553339008176,306.7495139392491,East_River,elevAspect
East_River_distributed_elevAspect,noXplict,2001,0.0,106.55722278960093,0.0,106.55722278960093,East_River,elevAspect
East_River_distributed_elevAspect,noXplict,2002,0.0,107.1090355950349,0.0,107.1090355950349,East_River,elevAspect
East_River_distributed_elevAspect,noXplict,2003,0.0,109.14360159969897,0.0,109.14360159969897,East_River,elevAspect
East_River_distributed_elevAspect,noXplict,2004,0.0,106.06488132898852,0.0,106.06488132898852,East_River,elevAspect
East_River_distributed_elevAspect,noXplict,2005,0.0,106.96613697481142,0.0,106.96613697481142,East_River,elevAspect
East_River_distributed_elevAspect,noXplict,2006,0.0,99.58302626714544,0.0,99.58302626714544,East_River,elevAspect
East_River_distributed_elevAspect,noXplict,2007,0.0,109.94642289375155,0.0,109.94642289375155,East_River,elevAspect
East_River_distributed_elevAspect,noXplict,2008,0.0,108.92364731678546,0.0,108.92364731678546,East_River,elevAspect
East_River_distributed_elevAspect,noXplict,2009,0.0,109.67154667561445,0.0,109.67154667561445,East_River,elevAspect
East_River_distributed_elevAspect,noXplict,2010,0.0,107.27134939096973,0.0,107.27134939096973,East_River,elevAspect
East_River_distributed_elevAspect,noXplict,2011,0.0,113.6785766099041,0.0,113.6785766099041,East_River,elevAspect
East_River_distributed_elevAspect,noXplict,2012,0.0,103.39789196649286,0.0,103.39789196649286,East_River,elevAspect
East_River_distributed_elevAspect,noXplict,2013,0.0,106.75149468391152,0.0,106.75149468391152,East_River,elevAspect
East_River_distributed_elevAspect,noXplict,2014,0.0,105.83853142433182,0.0,105.83853142433182,East_River,elevAspect
East_River_distributed_elevAspect,noXplict,2015,0.0,115.43465560892253,0.0,115.43465560892253,East_River,elevAspect
East_River_distributed_elevAspect,noXplict,2016,0.0,106.42877232433688,0.0,106.42877232433688,East_River,elevAspect
East_River_distributed_elevAspect,noXplict,2017,0.0,106.44294393497015,0.0,106.44294393497015,East_River,elevAspect
East_River_distributed_elevAspect,noXplict,2018,0.0,105.45413653443136,0.0,105.45413653443136,East_River,elevAspect
East_River_distributed_elevAspect,noXplict,2019,0.0,113.19296081340478,0.0,113.19296081340478,East_River,elevAspect
East_River_distributed_elevAspect,noXplict,2020,0.0,106.76167308200229,0.0,106.76167308200229,East_River,elevAspect
East_River_distributed_elevAspect,qTopmodl,2001,0.0,263.1871697830872,0.0,263.1871697830872,East_River,elevAspect
East_River_distributed_elevAspect,qTopmodl,2002,0.0,267.17095498912767,0.0,267.17095498912767,East_River,elevAspect
East_River_distributed_elevAspect,qTopmodl,2003,0.0,271.97154764848614,0.0,271.97154764848614,East_River,elevAspect
East_River_distributed_elevAspect,qTopmodl,2004,0.0,261.5870372740122,0.0,261.5870372740122,East_River,elevAspect
East_River_distributed_elevAspect,qTopmodl,2005,0.0,268.96708629292954,0.0,268.96708629292954,East_River,elevAspect
East_River_distributed_elevAspect,qTopmodl,2006,0.0,244.8298995958893,0.0,244.8298995958893,East_River,elevAspect
East_River_distributed_elevAspect,qTopmodl,2007,0.0,278.93766516551176,0.0,278.93766516551176,East_River,elevAspect
East_River_distributed_elevAspect,qTopmodl,2008,0.0,265.5399778485689,0.0,265.5399778485689,East_River,elevAspect
East_River_distributed_elevAspect,qTopmodl,2009,0.0,278.2088886494455,0.0,278.2088886494455,East_River,elevAspect
East_River_distributed_elevAspect,qTopmodl,2010,0.0,266.9476627605358,0.0,266.9476627605358,East_River,elevAspect
East_River_distributed_elevAspect,qTopmodl,2011,0.0,285.37948943373283,0.0,285.37948943373283,East_River,elevAspect
East_River_distributed_elevAspect,qTopmodl,2012,0.0,255.4260344087091,0.0,255.4260344087091,East_River,elevAspect
East_River_distributed_elevAspect,qTopmodl,2013,0.0,260.07811729994563,0.0,260.07811729994563,East_River,elevAspect
East_River_distributed_elevAspect,qTopmodl,2014,0.0,259.68603391604296,0.0,259.68603391604296,East_River,elevAspect
East_River_distributed_elevAspect,qTopmodl,2015,0.0,298.5422245238332,0.0,298.5422245238332,East_River,elevAspect
East_River_distributed_elevAspect,qTopmodl,2016,0.0,265.6097427223349,0.0,265.6097427223349,East_River,elevAspect
East_River_distributed_elevAspect,qTopmodl,2017,0.0,259.8697442904571,0.0,259.8697442904571,East_River,elevAspect
East_River_distributed_elevAspect,qTopmodl,2018,0.0,262.11720755490154,0.0,262.11720755490154,East_River,elevAspect
East_River_distributed_elevAspect,qTopmodl,2019,0.0,285.08535242671616,0.0,285.08535242671616,East_River,elevAspect
East_River_distributed_elevAspect,qTopmodl,2020,0.0,268.2493214095954,0.0,268.2493214095954,East_River,elevAspect
East_River_distributed_elevTPI,bigBuckt,2001,0.0,280.9473205488804,135.26138260969174,416.2087031585721,East_River,elevTPI
East_River_distributed_elevTPI,bigBuckt,2002,0.0,281.99373431639395,122.60595224716386,404.59968656355784,East_River,elevTPI
East_River_distributed_elevTPI,bigBuckt,2003,0.0,283.86360748371897,138.62297619816152,422.48658368188046,East_River,elevTPI
East_River_distributed_elevTPI,bigBuckt,2004,0.0,281.76266476651216,134.04174536296026,415.80441012947244,East_River,elevTPI
East_River_distributed_elevTPI,bigBuckt,2005,0.0,282.37455557473885,134.9046008438748,417.27915641861364,East_River,elevTPI
East_River_distributed_elevTPI,bigBuckt,2006,0.0,280.2013849368853,127.64829135714625,407.84967629403155,East_River,elevTPI
East_River_distributed_elevTPI,bigBuckt,2007,0.0,283.8786256379657,134.27743450272874,418.1560601406944,East_River,elevTPI
East_River_distributed_elevTPI,bigBuckt,2008,0.0,284.51553438945643,139.72553736607557,424.241071755532,East_River,elevTPI
East_River_distributed_elevTPI,bigBuckt,2009,0.0,283.43744185366995,140.72393810152113,424.1613799551911,East_River,elevTPI
East_River_distributed_elevTPI,bigBuckt,2010,0.0,283.4358945699069,137.53133048198472,420.96722505189166,East_River,elevTPI
East_River_distributed_elevTPI,bigBuckt,2011,0.0,284.6996561041673,145.17704314377144,429.87669924793875,East_River,elevTPI
East_River_distributed_elevTPI,bigBuckt,2012,0.0,280.5972725708047,123.45410765003032,404.05138022083503,East_River,elevTPI
East_River_distributed_elevTPI,bigBuckt,2013,0.0,282.59607722846954,136.88506832193772,419.4811455504073,East_River,elevTPI
East_River_distributed_elevTPI,bigBuckt,2014,0.0,281.66895841994943,133.81499816127788,415.4839565812273,East_River,elevTPI
East_River_distributed_elevTPI,bigBuckt,2015,0.0,285.0953337994756,149.34755121295527,434.4428850124309,East_River,elevTPI
East_River_distributed_elevTPI,bigBuckt,2016,0.0,281.37990428545504,136.37512653197746,417.7550308174325,East_River,elevTPI
East_River_distributed_elevTPI,bigBuckt,2017,0.0,280.5050387153342,130.9050401227434,411.4100788380776,East_River,elevTPI
East_River_distributed_elevTPI,bigBuckt,2018,0.0,281.0600341428354,129.6041547761588,410.66418891899417,East_River,elevTPI
East_River_distributed_elevTPI,bigBuckt,2019,0.0,285.61061503908746,149.12613287886802,434.7367479179555,East_River,elevTPI
East_River_distributed_elevTPI,bigBuckt,2020,0.0,281.99575286106585,129.2850050377992,411.2807578988651,East_River,elevTPI
East_River_distributed_elevTPI,noXplict,2001,0.0,243.2455957342789,0.0,243.2455957342789,East_River,elevTPI
East_River_distributed_elevTPI,noXplict,2002,0.0,228.87992753301234,0.0,228.87992753301234,East_River,elevTPI
East_River_distributed_elevTPI,noXplict,2003,0.0,250.0957705496782,0.0,250.0957705496782,East_River,elevTPI
East_River_distributed_elevTPI,noXplict,2004,0.0,243.3231541888368,0.0,243.3231541888368,East_River,elevTPI
East_River_distributed_elevTPI,noXplict,2005,0.0,243.94620085107337,0.0,243.94620085107337,East_River,elevTPI
East_River_distributed_elevTPI,noXplict,2006,0.0,220.1883531287912,0.0,220.1883531287912,East_River,elevTPI
East_River_distributed_elevTPI,noXplict,2007,0.0,244.5140237073553,0.0,244.5140237073553,East_River,elevTPI
East_River_distributed_elevTPI,noXplict,2008,0.0,250.49340373001115,0.0,250.49340373001115,East_River,elevTPI
East_River_distributed_elevTPI,noXplict,2009,0.0,251.74402065156033,0.0,251.74402065156033,East_River,elevTPI
East_River_distributed_elevTPI,noXplict,2010,0.0,247.34388552751383,0.0,247.34388552751383,East_River,elevTPI
East_River_distributed_elevTPI,noXplict,2011,0.0,261.3909161357152,0.0,261.3909161357152,East_River,elevTPI
East_River_distributed_elevTPI,noXplict,2012,0.0,224.98795749961766,0.0,224.98795749961766,East_River,elevTPI
East_River_distributed_elevTPI,noXplict,2013,0.0,244.16641438592418,0.0,244.16641438592418,East_River,elevTPI
East_River_distributed_elevTPI,noXplict,2014,0.0,239.86642429221817,0.0,239.86642429221817,East_River,elevTPI
East_River_distributed_elevTPI,noXplict,2015,0.0,265.2172673872236,0.0,265.2172673872236,East_River,elevTPI
East_River_distributed_elevTPI,noXplict,2016,0.0,245.97479818943543,0.0,245.97479818943543,East_River,elevTPI
East_River_distributed_elevTPI,noXplict,2017,0.0,234.43945570625036,0.0,234.43945570625036,East_River,elevTPI
East_River_distributed_elevTPI,noXplict,2018,0.0,232.58098414820785,0.0,232.58098414820785,East_River,elevTPI
East_River_distributed_elevTPI,noXplict,2019,0.0,262.85433026181875,0.0,262.85433026181875,East_River,elevTPI
East_River_distributed_elevTPI,noXplict,2020,0.0,235.31861407986838,0.0,235.31861407986838,East_River,elevTPI
East_River_distributed_elevTPI,qTopmodl,2001,0.0,370.801237316388,0.0,370.801237316388,East_River,elevTPI
East_River_distributed_elevTPI,qTopmodl,2002,0.0,338.84514334652204,0.0,338.84514334652204,East_River,elevTPI
East_River_distributed_elevTPI,qTopmodl,2003,0.0,381.1167673941289,0.0,381.1167673941289,East_River,elevTPI
East_River_distributed_elevTPI,qTopmodl,2004,0.0,369.76425052181264,0.0,369.76425052181264,East_River,elevTPI
East_River_distributed_elevTPI,qTopmodl,2005,0.0,369.2350666008982,0.0,369.2350666008982,East_River,elevTPI
East_River_distributed_elevTPI,qTopmodl,2006,0.0,333.145403581436,0.0,333.145403581436,East_River,elevTPI
East_River_distributed_elevTPI,qTopmodl,2007,0.0,372.97419780369427,0.0,372.97419780369427,East_River,elevTPI
East_River_distributed_elevTPI,qTopmodl,2008,0.0,377.96661256513477,0.0,377.96661256513477,East_River,elevTPI
East_River_distributed_elevTPI,qTopmodl,2009,0.0,382.19291710590664,0.0,382.19291710590664,East_River,elevTPI
East_River_distributed_elevTPI,qTopmodl,2010,0.0,374.56669414119204,0.0,374.56669414119204,East_River,elevTPI
East_River_distributed_elevTPI,qTopmodl,2011,0.0,395.97678911369275,0.0,395.97678911369275,East_River,elevTPI
East_River_distributed_elevTPI,qTopmodl,2012,0.0,334.6277076943702,0.0,334.6277076943702,East_River,elevTPI
East_River_distributed_elevTPI,qTopmodl,2013,0.0,370.2182882238228,0.0,370.2182882238228,East_River,elevTPI
East_River_distributed_elevTPI,qTopmodl,2014,0.0,362.6002748562406,0.0,362.6002748562406,East_River,elevTPI
East_River_distributed_elevTPI,qTopmodl,2015,0.0,405.8816292923358,0.0,405.8816292923358,East_River,elevTPI
East_River_distributed_elevTPI,qTopmodl,2016,0.0,374.5024422949554,0.0,374.5024422949554,East_River,elevTPI
East_River_distributed_elevTPI,qTopmodl,2017,0.0,350.7112822768824,0.0,350.7112822768824,East_River,elevTPI
East_River_distributed_elevTPI,qTopmodl,2018,0.0,349.9944883971808,0.0,349.9944883971808,East_River,elevTPI
East_River_distributed_elevTPI,qTopmodl,2019,0.0,402.5988190899131,0.0,402.5988190899131,East_River,elevTPI
East_River_distributed_elevTPI,qTopmodl,2020,0.0,353.9644357422947,0.0,353.9644357422947,East_River,elevTPI
Tuolumne_River_lumped,bigBuckt,2001,0.0,199.2016969103845,0.034422149521822244,199.23611905990631,Tuolumne_River,lumped
Tuolumne_River_lumped,bigBuckt,2002,0.0,178.09198801713228,0.01598445721810833,178.1079724743504,Tuolumne_River,lumped
Tuolumne_River_lumped,bigBuckt,2003,0.0,195.3036154261513,0.030049038320868887,195.33366446447218,Tuolumne_River,lumped
Tuolumne_River_lumped,bigBuckt,2004,0.0,209.25112636008794,0.048281892579275815,209.2994082526672,Tuolumne_River,lumped
Tuolumne_River_lumped,bigBuckt,2005,0.0,189.25343104844058,0.024209161739793948,189.27764021018038,Tuolumne_River,lumped
Tuolumne_River_lumped,bigBuckt,2006,0.0,195.71654750597787,0.030488452570029686,195.7470359585479,Tuolumne_River,lumped
Tuolumne_River_lumped,bigBuckt,2007,0.0,200.28150213409805,0.03572587777484501,200.31722801187288,Tuolumne_River,lumped
Tuolumne_River_lumped,bigBuckt,2008,0.0,208.97331561656011,0.04784320949854051,209.02115882605867,Tuolumne_River,lumped
Tuolumne_River_lumped,bigBuckt,2009,0.0,171.48252575703557,0.012384067985102555,171.49490982502067,Tuolumne_River,lumped
Tuolumne_River_lumped,bigBuckt,2010,0.0,204.29576307974162,0.040949299312437355,204.33671237905406,Tuolumne_River,lumped
Tuolumne_River_lumped,bigBuckt,2011,0.0,216.92128979748344,0.06181747087246835,216.9831072683559,Tuolumne_River,lumped
Tuolumne_River_lumped,bigBuckt,2012,0.0,179.68832929521068,0.016983691538010458,179.70531298674868,Tuolumne_River,lumped
Tuolumne_River_lumped,bigBuckt,2013,0.0,169.1624663830197,0.0113063325129608,169.17377271553266,Tuolumne_River,lumped
Tuolumne_River_lumped,bigBuckt,2014,0.0,178.3666450479955,0.01615255709376596,178.38279760508925,Tuolumne_River,lumped
Tuolumne_River_lumped,bigBuckt,2015,0.0,200.71703568553252,0.03626355379297388,200.7532992393255,Tuolumne_River,lumped
Tuolumne_River_lumped,bigBuckt,2016,0.0,198.08417458062178,0.03311598384439995,198.11729056446617,Tuolumne_River,lumped
Tuolumne_River_lumped,bigBuckt,2017,0.0,206.2453188903529,0.043712239155706004,206.2890311295086,Tuolumne_River,lumped
Tuolumne_River_lumped,bigBuckt,2018,0.0,165.17802077557513,0.009654441144242942,165.18767521671938,Tuolumne_River,lumped
Tuolumne_River_lumped,bigBuckt,2019,0.0,202.20551338114055,0.03815361130643519,202.24366699244698,Tuolumne_River,lumped
Tuolumne_River_lumped,bigBuckt,2020,0.0,198.72904428002403,0.03386442043293722,198.76290870045696,Tuolumne_River,lumped
Tuolumne_River_lumped,noXplict,2001,0.0,42.803465409960616,0.0,42.803465409960616,Tuolumne_River,lumped
Tuolumne_River_lumped,noXplict,2002,0.0,42.48649063663166,0.0,42.48649063663166,Tuolumne_River,lumped
Tuolumne_River_lumped,noXplict,2003,0.0,42.70479319276413,0.0,42.70479319276413,Tuolumne_River,lumped
Tuolumne_River_lumped,noXplict,2004,0.0,43.17977509096987,0.0,43.17977509096987,Tuolumne_River,lumped
Tuolumne_River_lumped,noXplict,2005,0.0,42.60991699451709,0.0,42.60991699451709,Tuolumne_River,lumped
Tuolumne_River_lumped,noXplict,2006,0.0,42.78131377907013,0.0,42.78131377907013,Tuolumne_River,lumped
Tuolumne_River_lumped,noXplict,2007,0.0,42.790125838222565,0.0,42.790125838222565,Tuolumne_River,lumped
Tuolumne_River_lumped,noXplict,2008,0.0,43.17050574438821,0.0,43.17050574438821,Tuolumne_River,lumped
Tuolumne_River_lumped,noXplict,2009,0.0,42.48185288227829,0.0,42.48185288227829,Tuolumne_River,lumped
Tuolumne_River_lumped,noXplict,2010,0.0,42.93186483083843,0.0,42.93186483083843,Tuolumne_River,lumped
Tuolumne_River_lumped,noXplict,2011,0.0,43.66570393644991,0.0,43.66570393644991,Tuolumne_River,lumped
Tuolumne_River_lumped,noXplict,2012,0.0,42.49234856226637,0.0,42.49234856226637,Tuolumne_River,lumped
Tuolumne_River_lumped,noXplict,2013,0.0,42.419939588055435,0.0,42.419939588055435,Tuolumne_River,lumped
Tuolumne_River_lumped,noXplict,2014,0.0,42.49578593806703,0.0,42.49578593806703,Tuolumne_River,lumped
Tuolumne_River_lumped,noXplict,2015,0.0,42.834971184974975,0.0,42.834971184974975,Tuolumne_River,lumped
Tuolumne_River_lumped,noXplict,2016,0.0,42.7752547536042,0.0,42.7752547536042,Tuolumne_River,lumped
Tuolumne_River_lumped,noXplict,2017,0.0,43.11376304961427,0.0,43.11376304961427,Tuolumne_River,lumped
Tuolumne_River_lumped,noXplict,2018,0.0,42.38227771954942,0.0,42.38227771954942,Tuolumne_River,lumped
Tuolumne_River_lumped,noXplict,2019,0.0,42.89462044422564,0.0,42.89462044422564,Tuolumne_River,lumped
Tuolumne_River_lumped,noXplict,2020,0.0,42.785899919682066,0.0,42.785899919682066,Tuolumne_River,lumped
Tuolumne_River_distributed_elev,bigBuckt,2001,0.0,51.76613107595982,0.009779521315540425,51.77591059727536,Tuolumne_River,elev
Tuolumne_River_distributed_elev,bigBuckt,2002,0.0,51.62755562431758,0.009227792294299488,51.63678341661188,Tuolumne_River,elev
Tuolumne_River_distributed_elev,bigBuckt,2003,0.0,52.90343615892247,0.01140646791517338,52.91484262683764,Tuolumne_River,elev
Tuolumne_River_distributed_elev,bigBuckt,2004,0.0,52.377697135790335,0.01063335172101368,52.38833048751135,Tuolumne_River,elev
Tuolumne_River_distributed_elev,bigBuckt,2005,0.0,53.07672301529286,0.011414081588380514,53.08813709688124,Tuolumne_River,elev
Tuolumne_River_distributed_elev,bigBuckt,2006,0.0,52.96686375195273,0.01163038525406533,52.978494137206795,Tuolumne_River,elev
Tuolumne_River_distributed_elev,bigBuckt,2007,0.0,51.585247895418064,0.009621629749899129,51.594869525167965,Tuolumne_River,elev
Tuolumne_River_distributed_elev,bigBuckt,2008,0.0,52.48031522420199,0.010690961935050248,52.491006186137035,Tuolumne_River,elev
Tuolumne_River_distributed_elev,bigBuckt,2009,0.0,51.81089671172414,0.009318914520734242,51.820215626244874,Tuolumne_River,elev
Tuolumne_River_distributed_elev,bigBuckt,2010,0.0,53.62710167747187,0.012476604276500653,53.63957828174837,Tuolumne_River,elev
Tuolumne_River_distributed_elev,bigBuckt,2011,0.0,54.88613318939956,0.01377860251340685,54.89991179191296,Tuolumne_River,elev
Tuolumne_River_distributed_elev,bigBuckt,2012,0.0,51.688370741457156,0.009596817322299691,51.69796755877945,Tuolumne_River,elev
Tuolumne_River_distributed_elev,bigBuckt,2013,0.0,51.03145966208557,0.00877803602122685,51.04023769810679,Tuolumne_River,elev
Tuolumne_River_distributed_elev,bigBuckt,2014,0.0,51.4821482589077,0.009194587067992135,51.491342845975694,Tuolumne_River,elev
Tuolumne_River_distributed_elev,bigBuckt,2015,0.0,52.40187166052749,0.010733614617642965,52.41260527514513,Tuolumne_River,elev
Tuolumne_River_distributed_elev,bigBuckt,2016,0.0,52.56262362184964,0.010706277425075867,52.57332989927472,Tuolumne_River,elev
Tuolumne_River_distributed_elev,bigBuckt,2017,0.0,52.60754305855952,0.010979268268215242,52.61852232682774,Tuolumne_River,elev
Tuolumne_River_distributed_elev,bigBuckt,2018,0.0,50.9456189581304,0.008493717385875933,50.95411267551628,Tuolumne_River,elev
Tuolumne_River_distributed_elev,bigBuckt,2019,0.0,53.20377815466411,0.01189984007049815,53.215677994734605,Tuolumne_River,elev
Tuolumne_River_distributed_elev,bigBuckt,2020,0.0,52.520042506696115,0.010924394300208305,52.530966900996326,Tuolumne_River,elev
Tuolumne_River_distributed_elev,noXplict,2001,0.0,55.7383693501663,0.0,55.7383693501663,Tuolumne_River,elev
Tuolumne_River_distributed_elev,noXplict,2002,0.0,55.538767697865346,0.0,55.538767697865346,Tuolumne_River,elev
Tuolumne_River_distributed_elev,noXplict,2003,0.0,57.23999424003943,0.0,57.23999424003943,Tuolumne_River,elev
Tuolumne_River_distributed_elev,noXplict,2004,0.0,56.39690481117777,0.0,56.39690481117777,Tuolumne_River,elev
Tuolumne_River_distributed_elev,noXplict,2005,0.0,57.528662875933236,0.0,57.528662875933236,Tuolumne_River,elev
Tuolumne_River_distributed_elev,noXplict,2006,0.0,57.23588107475319,0.0,57.23588107475319,Tuolumne_River,elev
Tuolumne_River_distributed_elev,noXplict,2007,0.0,55.46531036250182,0.0,55.46531036250182,Tuolumne_River,elev
Tuolumne_River_distributed_elev,noXplict,2008,0.0,56.60302481537129,0.0,56.60302481537129,Tuolumne_River,elev
Tuolumne_River_distributed_elev,noXplict,2009,0.0,55.66469084561911,0.0,55.66469084561911,Tuolumne_River,elev
Tuolumne_River_distributed_elev,noXplict,2010,0.0,58.44469049202789,0.0,58.44469049202789,Tuolumne_River,elev
Tuolumne_River_distributed_elev,noXplict,2011,0.0,60.775799134021504,0.0,60.775799134021504,Tuolumne_River,elev
Tuolumne_River_distributed_elev,noXplict,2012,0.0,55.54811841350205,0.0,55.54811841350205,Tuolumne_River,elev
Tuolumne_River_distributed_elev,noXplict,2013,0.0,54.6888908166616,0.0,54.6888908166616,Tuolumne_River,elev
Tuolumne_River_distributed_elev,noXplict,2014,0.0,55.381866506894454,0.0,55.381866506894454,Tuolumne_River,elev
Tuolumne_River_distributed_elev,noXplict,2015,0.0,56.51265457206885,0.0,56.51265457206885,Tuolumne_River,elev
Tuolumne_River_distributed_elev,noXplict,2016,0.0,56.65121354090017,0.0,56.65121354090017,Tuolumne_River,elev
Tuolumne_River_distributed_elev,noXplict,2017,0.0,56.817943637130696,0.0,56.817943637130696,Tuolumne_River,elev
Tuolumne_River_distributed_elev,noXplict,2018,0.0,54.68159749148029,0.0,54.68159749148029,Tuolumne_River,elev
Tuolumne_River_distributed_elev,noXplict,2019,0.0,57.66908730936781,0.0,57.66908730936781,Tuolumne_River,elev
Tuolumne_River_distributed_elev,noXplict,2020,0.0,56.6797341375364,0.0,56.6797341375364,Tuolumne_River,elev
Tuolumne_River_distributed_elev,qTopmodl,2001,0.0,283.29290601615753,0.0,283.29290601615753,Tuolumne_River,elev
Tuolumne_River_distributed_elev,qTopmodl,2002,0.0,286.1483888645801,0.0,286.1483888645801,Tuolumne_River,elev
Tuolumne_River_distributed_elev,qTopmodl,2003,0.0,300.4567534420888,0.0,300.4567534420888,Tuolumne_River,elev
Tuolumne_River_distributed_elev,qTopmodl,2004,0.0,285.646817109622,0.0,285.646817109622,Tuolumne_River,elev
Tuolumne_River_distributed_elev,qTopmodl,2005,0.0,305.0682094043823,0.0,305.0682094043823,Tuolumne_River,elev
Tuolumne_River_distributed_elev,qTopmodl,2006,0.0,298.02980593154547,0.0,298.02980593154547,Tuolumne_River,elev
Tuolumne_River_distributed_elev,qTopmodl,2007,0.0,276.8817170820904,0.0,276.8817170820904,Tuolumne_River,elev
Tuolumne_River_distributed_elev,qTopmodl,2008,0.0,291.01864009756207,0.0,291.01864009756207,Tuolumne_River,elev
Tuolumne_River_distributed_elev,qTopmodl,2009,0.0,293.79219601979423,0.0,293.79219601979423,Tuolumne_River,elev
Tuolumne_River_distributed_elev,qTopmodl,2010,0.0,309.2429404462196,0.0,309.2429404462196,Tuolumne_River,elev
Tuolumne_River_distributed_elev,qTopmodl,2011,0.0,316.5565593218295,0.0,316.5565593218295,Tuolumne_River,elev
Tuolumne_River_distributed_elev,qTopmodl,2012,0.0,281.1138218415614,0.0,281.1138218415614,Tuolumne_River,elev
Tuolumne_River_distributed_elev,qTopmodl,2013,0.0,273.69587835920856,0.0,273.69587835920856,Tuolumne_River,elev
Tuolumne_River_distributed_elev,qTopmodl,2014,0.0,281.3896692965876,0.0,281.3896692965876,Tuolumne_River,elev
Tuolumne_River_distributed_elev,qTopmodl,2015,0.0,292.4467659233905,0.0,292.4467659233905,Tuolumne_River,elev
Tuolumne_River_distributed_elev,qTopmodl,2016,0.0,289.93530824708955,0.0,289.93530824708955,Tuolumne_River,elev
Tuolumne_River_distributed_elev,qTopmodl,2017,0.0,295.38056504184675,0.0,295.38056504184675,Tuolumne_River,elev
Tuolumne_River_distributed_elev,qTopmodl,2018,0.0,280.0814494611164,0.0,280.0814494611164,Tuolumne_River,elev
Tuolumne_River_distributed_elev,qTopmodl,2019,0.0,301.45874179779867,0.0,301.45874179779867,Tuolumne_River,elev
Tuolumne_River_distributed_elev,qTopmodl,2020,0.0,292.8054421884026,0.0,292.8054421884026,Tuolumne_River,elev
Tuolumne_River_distributed_elevAspect,bigBuckt,2001,0.0,47.33636502930836,0.0034340208902502722,47.339799050198614,Tuolumne_River,elevAspect
Tuolumne_River_distributed_elevAspect,bigBuckt,2002,0.0,47.05789867438714,0.0033101023180086733,47.06120877670515,Tuolumne_River,elevAspect
Tuolumne_River_distributed_elevAspect,bigBuckt,2003,0.0,47.7400636088283,0.003776592917752924,47.74384020174605,Tuolumne_River,elevAspect
Tuolumne_River_distributed_elevAspect,bigBuckt,2004,0.0,47.73213520532478,0.0037018895547978312,47.73583709487958,Tuolumne_River,elevAspect
Tuolumne_River_distributed_elevAspect,bigBuckt,2005,0.0,48.06517558408907,0.0038736752537574183,48.069049259342826,Tuolumne_River,elevAspect
Tuolumne_River_distributed_elevAspect,bigBuckt,2006,0.0,47.85678841734915,0.0037729737181192886,47.86056139106727,Tuolumne_River,elevAspect
Tuolumne_River_distributed_elevAspect,bigBuckt,2007,0.0,47.21734020138876,0.0033747476498371576,47.220714949038594,Tuolumne_River,elevAspect
Tuolumne_River_distributed_elevAspect,bigBuckt,2008,0.0,47.78069158398156,0.0037137880401424423,47.7844053720217,Tuolumne_River,elevAspect
Tuolumne_River_distributed_elevAspect,bigBuckt,2009,0.0,47.1116321792864,0.0034139171560590097,47.11504609644246,Tuolumne_River,elevAspect
Tuolumne_River_distributed_elevAspect,bigBuckt,2010,0.0,48.20929317845204,0.003966241511298634,48.21325941996334,Tuolumne_River,elevAspect
Tuolumne_River_distributed_elevAspect,bigBuckt,2011,0.0,49.232163121256285,0.004611386330928387,49.236774507587214,Tuolumne_River,elevAspect
Tuolumne_River_distributed_elevAspect,bigBuckt,2012,0.0,47.110812086779056,0.0033073268376156754,47.11411941361667,Tuolumne_River,elevAspect
Tuolumne_River_distributed_elevAspect,bigBuckt,2013,0.0,46.95655229693795,0.0032756882779110615,46.95982798521586,Tuolumne_River,elevAspect
Tuolumne_River_distributed_elevAspect,bigBuckt,2014,0.0,47.0540173050419,0.0032934892026909865,47.05731079424459,Tuolumne_River,elevAspect
Tuolumne_River_distributed_elevAspect,bigBuckt,2015,0.0,47.60270041306398,0.0036234619676460043,47.60632387503163,Tuolumne_River,elevAspect
Tuolumne_River_distributed_elevAspect,bigBuckt,2016,0.0,47.483106381736384,0.0035703439263154828,47.4866767256627,Tuolumne_River,elevAspect
Tuolumne_River_distributed_elevAspect,bigBuckt,2017,0.0,47.63358701483144,0.0036365083194650084,47.63722352315091,Tuolumne_River,elevAspect
Tuolumne_River_distributed_elevAspect,bigBuckt,2018,0.0,46.824576084823356,0.0031715516946666947,46.82774763651802,Tuolumne_River,elevAspect
Tuolumne_River_distributed_elevAspect,bigBuckt,2019,0.0,47.93396818019197,0.003828899304651615,47.93779707949662,Tuolumne_River,elevAspect
Tuolumne_River_distributed_elevAspect,bigBuckt,2020,0.0,47.4839119943896,0.003567785668909889,47.487479780058514,Tuolumne_River,elevAspect
Tuolumne_River_distributed_elevAspect,noXplict,2001,0.0,118.99852068121187,0.0,118.99852068121187,Tuolumne_River,elevAspect
Tuolumne_River_distributed_elevAspect,noXplict,2002,0.0,114.88492192235951,0.0,114.88492192235951,Tuolumne_River,elevAspect
Tuolumne_River_distributed_elevAspect,noXplict,2003,0.0,124.24706253527657,0.0,124.24706253527657,Tuolumne_River,elevAspect
Tuolumne_River_distributed_elevAspect,noXplict,2004,0.0,121.09640948604284,0.0,121.09640948604284,Tuolumne_River,elevAspect
Tuolumne_River_distributed_elevAspect,noXplict,2005,0.0,127.84234968370508,0.0,127.84234968370508,Tuolumne_River,elevAspect
Tuolumne_River_distributed_elevAspect,noXplict,2006,0.0,123.5274384026318,0.0,123.5274384026318,Tuolumne_River,elevAspect
Tuolumne_River_distributed_elevAspect,noXplict,2007,0.0,116.31958368541704,0.0,116.31958368541704,Tuolumne_River,elevAspect
Tuolumne_River_distributed_elevAspect,noXplict,2008,0.0,122.47740280623586,0.0,122.47740280623586,Tuolumne_River,elevAspect
Tuolumne_River_distributed_elevAspect,noXplict,2009,0.0,114.91404509159815,0.0,114.91404509159815,Tuolumne_River,elevAspect
Tuolumne_River_distributed_elevAspect,noXplict,2010,0.0,128.32141323288994,0.0,128.32141323288994,Tuolumne_River,elevAspect
Tuolumne_River_distributed_elevAspect,noXplict,2011,0.0,134.996499863973,0.0,134.996499863973,Tuolumne_River,elevAspect
Tuolumne_River_distributed_elevAspect,noXplict,2012,0.0,115.08698552304233,0.0,115.08698552304233,Tuolumne_River,elevAspect
Tuolumne_River_distributed_elevAspect,noXplict,2013,0.0,112.58509197494821,0.0,112.58509197494821,Tuolumne_River,elevAspect
Tuolumne_River_distributed_elevAspect,noXplict,2014,0.0,114.74036051174453,0.0,114.74036051174453,Tuolumne_River,elevAspect
Tuolumne_River_distributed_elevAspect,noXplict,2015,0.0,121.09953276751176,0.0,121.09953276751176,Tuolumne_River,elevAspect
Tuolumne_River_distributed_elevAspect,noXplict,2016,0.0,119.647813812659,0.0,119.647813812659,Tuolumne_River,elevAspect
Tuolumne_River_distributed_elevAspect,noXplict,2017,0.0,122.70198778285695,0.0,122.70198778285695,Tuolumne_River,elevAspect
Tuolumne_River_distributed_elevAspect,noXplict,2018,0.0,111.80395171064802,0.0,111.80395171064802,Tuolumne_River,elevAspect
Tuolumne_River_distributed_elevAspect,noXplict,2019,0.0,124.94454933772374,0.0,124.94454933772374,Tuolumne_River,elevAspect
Tuolumne_River_distributed_elevAspect,noXplict,2020,0.0,120.64129171154532,0.0,120.64129171154532,Tuolumne_River,elevAspect
Tuolumne_River_distributed_elevAspect,qTopmodl,2001,0.0,228.84381370643268,0.0,228.84381370643268,Tuolumne_River,elevAspect
Tuolumne_River_distributed_elevAspect,qTopmodl,2002,0.0,223.20094151461774,0.0,223.20094151461774,Tuolumne_River,elevAspect
Tuolumne_River_distributed_elevAspect,qTopmodl,2003,0.0,241.06929939196073,0.0,241.06929939196073,Tuolumne_River,elevAspect
Tuolumne_River_distributed_elevAspect,qTopmodl,2004,0.0,236.68111019179383,0.0,236.68111019179383,Tuolumne_River,elevAspect
Tuolumne_River_distributed_elevAspect,qTopmodl,2005,0.0,247.92296267385996,0.0,247.92296267385996,Tuolumne_River,elevAspect
Tuolumne_River_distributed_elevAspect,qTopmodl,2006,0.0,242.01123829501174,0.0,242.01123829501174,Tuolumne_River,elevAspect
Tuolumne_River_distributed_elevAspect,qTopmodl,2007,0.0,222.75287263446046,0.0,222.75287263446046,Tuolumne_River,elevAspect
Tuolumne_River_distributed_elevAspect,qTopmodl,2008,0.0,240.39816123847584,0.0,240.39816123847584,Tuolumne_River,elevAspect
Tuolumne_River_distributed_elevAspect,qTopmodl,2009,0.0,229.16088710863428,0.0,229.16088710863428,Tuolumne_River,elevAspect
Tuolumne_River_distributed_elevAspect,qTopmodl,2010,0.0,250.4745516237436,0.0,250.4745516237436,Tuolumne_River,elevAspect
Tuolumne_River_distributed_elevAspect,qTopmodl,2011,0.0,267.06671876882234,0.0,267.06671876882234,Tuolumne_River,elevAspect
Tuolumne_River_distributed_elevAspect,qTopmodl,2012,0.0,220.0323716736091,0.0,220.0323716736091,Tuolumne_River,elevAspect
Tuolumne_River_distributed_elevAspect,qTopmodl,2013,0.0,214.89843668107613,0.0,214.89843668107613,Tuolumne_River,elevAspect
Tuolumne_River_distributed_elevAspect,qTopmodl,2014,0.0,221.75070789341575,0.0,221.75070789341575,Tuolumne_River,elevAspect
Tuolumne_River_distributed_elevAspect,qTopmodl,2015,0.0,239.40518214783583,0.0,239.40518214783583,Tuolumne_River,elevAspect
Tuolumne_River_distributed_elevAspect,qTopmodl,2016,0.0,237.19587640463348,0.0,237.19587640463348,Tuolumne_River,elevAspect
Tuolumne_River_distributed_elevAspect,qTopmodl,2017,0.0,238.22058063788378,0.0,238.22058063788378,Tuolumne_River,elevAspect
Tuolumne_River_distributed_elevAspect,qTopmodl,2018,0.0,216.46675527773448,0.0,216.46675527773448,Tuolumne_River,elevAspect
Tuolumne_River_distributed_elevAspect,qTopmodl,2019,0.0,248.0850803322947,0.0,248.0850803322947,Tuolumne_River,elevAspect
Tuolumne_River_distributed_elevAspect,qTopmodl,2020,0.0,235.69669867997976,0.0,235.69669867997976,Tuolumne_River,elevAspect
Tuolumne_River_distributed_elevTPI,bigBuckt,2001,0.0,138.4668349010584,0.04616885929944484,138.51300376035786,Tuolumne_River,elevTPI
Tuolumne_River_distributed_elevTPI,bigBuckt,2002,0.0,132.39752676680203,0.030888753842939865,132.42841552064496,Tuolumne_River,elevTPI
Tuolumne_River_distributed_elevTPI,bigBuckt,2003,1.7492358957799115,144.57652219600362,0.07409175004557972,146.3998498418291,Tuolumne_River,elevTPI
Tuolumne_River_distributed_elevTPI,bigBuckt,2004,0.0,140.13577484847664,0.04430929450285944,140.1800841429795,Tuolumne_River,elevTPI
Tuolumne_River_distributed_elevTPI,bigBuckt,2005,2.260216169020992,146.2287852405627,0.07427116722910888,148.5632725768128,Tuolumne_River,elevTPI
Tuolumne_River_distributed_elevTPI,bigBuckt,2006,0.2056105559280569,144.77694633903639,0.0722054949919545,145.05476238995638,Tuolumne_River,elevTPI
Tuolumne_River_distributed_elevTPI,bigBuckt,2007,0.0,134.8126743489197,0.033868513733638236,134.84654286265334,Tuolumne_River,elevTPI
Tuolumne_River_distributed_elevTPI,bigBuckt,2008,0.0,140.96123560709566,0.045766850720424114,141.00700245781607,Tuolumne_River,elevTPI
Tuolumne_River_distributed_elevTPI,bigBuckt,2009,0.0,131.95656882428892,0.03060605396924,131.98717487825817,Tuolumne_River,elevTPI
Tuolumne_River_distributed_elevTPI,bigBuckt,2010,5.296536479425423,146.36323838596692,0.07482266563751284,151.73459753102986,Tuolumne_River,elevTPI
Tuolumne_River_distributed_elevTPI,bigBuckt,2011,4.72361294393983,151.35709459145338,0.08042620370975598,156.16113373910295,Tuolumne_River,elevTPI
Tuolumne_River_distributed_elevTPI,bigBuckt,2012,0.0,133.0119132844483,0.03364729671432022,133.04556058116262,Tuolumne_River,elevTPI
Tuolumne_River_distributed_elevTPI,bigBuckt,2013,0.0,128.67563476668036,0.02699301077746223,128.70262777745782,Tuolumne_River,elevTPI
Tuolumne_River_distributed_elevTPI,bigBuckt,2014,0.0,131.04501008144882,0.03057979789407761,131.0755898793429,Tuolumne_River,elevTPI
Tuolumne_River_distributed_elevTPI,bigBuckt,2015,0.0,142.0145994747695,0.052644521706370774,142.0672439964759,Tuolumne_River,elevTPI
Tuolumne_River_distributed_elevTPI,bigBuckt,2016,0.0,139.49149537737688,0.0429856550123806,139.53448103238927,Tuolumne_River,elevTPI
Tuolumne_River_distributed_elevTPI,bigBuckt,2017,0.0,144.16342958118983,0.06777781677565492,144.23120739796548,Tuolumne_River,elevTPI
Tuolumne_River_distributed_elevTPI,bigBuckt,2018,0.0,130.11426585717834,0.029334937205487223,130.14360079438381,Tuolumne_River,elevTPI
Tuolumne_River_distributed_elevTPI,bigBuckt,2019,0.0,145.37567630185785,0.06442825080407467,145.44010455266192,Tuolumne_River,elevTPI
Tuolumne_River_distributed_elevTPI,bigBuckt,2020,0.0,141.74219515563874,0.05963771888498979,141.80183287452374,Tuolumne_River,elevTPI
Tuolumne_River_distributed_elevTPI,noXplict,2001,0.0,132.22149485737796,0.0,132.22149485737796,Tuolumne_River,elevTPI
Tuolumne_River_distributed_elevTPI,noXplict,2002,0.0,127.01743338222302,0.0,127.01743338222302,Tuolumne_River,elevTPI
Tuolumne_River_distributed_elevTPI,noXplict,2003,0.0,140.38669184491445,0.0,140.38669184491445,Tuolumne_River,elevTPI
Tuolumne_River_distributed_elevTPI,noXplict,2004,0.0,133.39493210790076,0.0,133.39493210790076,Tuolumne_River,elevTPI
Tuolumne_River_distributed_elevTPI,noXplict,2005,0.0,141.73865762886777,0.0,141.73865762886777,Tuolumne_River,elevTPI
Tuolumne_River_distributed_elevTPI,noXplict,2006,0.0,140.32496582695134,0.0,140.32496582695134,Tuolumne_River,elevTPI
Tuolumne_River_distributed_elevTPI,noXplict,2007,0.0,128.45746481970144,0.0,128.45746481970144,Tuolumne_River,elevTPI
Tuolumne_River_distributed_elevTPI,noXplict,2008,0.0,134.06865421757604,0.0,134.06865421757604,Tuolumne_River,elevTPI
Tuolumne_River_distributed_elevTPI,noXplict,2009,0.0,127.82979364921287,0.0,127.82979364921287,Tuolumne_River,elevTPI
Tuolumne_River_distributed_elevTPI,noXplict,2010,0.0,142.1779143366684,0.0,142.1779143366684,Tuolumne_River,elevTPI
Tuolumne_River_distributed_elevTPI,noXplict,2011,0.0,146.51441568717868,0.0,146.51441568717868,Tuolumne_River,elevTPI
Tuolumne_River_distributed_elevTPI,noXplict,2012,0.0,127.61869218794712,0.0,127.61869218794712,Tuolumne_River,elevTPI
Tuolumne_River_distributed_elevTPI,noXplict,2013,0.0,123.1548149326084,0.0,123.1548149326084,Tuolumne_River,elevTPI
Tuolumne_River_distributed_elevTPI,noXplict,2014,0.0,125.3340758130186,0.0,125.3340758130186,Tuolumne_River,elevTPI
Tuolumne_River_distributed_elevTPI,noXplict,2015,0.0,135.8235929844764,0.0,135.8235929844764,Tuolumne_River,elevTPI
Tuolumne_River_distributed_elevTPI,noXplict,2016,0.0,133.753459484058,0.0,133.753459484058,Tuolumne_River,elevTPI
Tuolumne_River_distributed_elevTPI,noXplict,2017,0.0,138.06240190086913,0.0,138.06240190086913,Tuolumne_River,elevTPI
Tuolumne_River_distributed_elevTPI,noXplict,2018,0.0,125.41771956871385,0.0,125.41771956871385,Tuolumne_River,elevTPI
Tuolumne_River_distributed_elevTPI,noXplict,2019,0.0,138.8558628056372,0.0,138.8558628056372,Tuolumne_River,elevTPI
Tuolumne_River_distributed_elevTPI,noXplict,2020,0.0,135.44610158055002,0.0,135.44610158055002,Tuolumne_River,elevTPI
Tuolumne_River_distributed_elevTPI,qTopmodl,2001,0.0,244.28445025353238,0.0,244.28445025353238,Tuolumne_River,elevTPI
Tuolumne_River_distributed_elevTPI,qTopmodl,2002,0.0,232.16498006324449,0.0,232.16498006324449,Tuolumne_River,elevTPI
Tuolumne_River_distributed_elevTPI,qTopmodl,2003,0.26175533637339493,256.24268922970464,0.0,256.504444566078,Tuolumne_River,elevTPI
Tuolumne_River_distributed_elevTPI,qTopmodl,2004,0.0,244.20806433424215,0.0,244.20806433424215,Tuolumne_River,elevTPI
Tuolumne_River_distributed_elevTPI,qTopmodl,2005,0.630467301669413,258.02273879386,0.0,258.6532060955294,Tuolumne_River,elevTPI
Tuolumne_River_distributed_elevTPI,qTopmodl,2006,0.22677171649075836,258.0013165885188,0.0,258.2280883050096,Tuolumne_River,elevTPI
Tuolumne_River_distributed_elevTPI,qTopmodl,2007,0.0,236.50311526934715,0.0,236.50311526934715,Tuolumne_River,elevTPI
Tuolumne_River_distributed_elevTPI,qTopmodl,2008,0.0,245.2615810765428,0.0,245.2615810765428,Tuolumne_River,elevTPI
Tuolumne_River_distributed_elevTPI,qTopmodl,2009,0.0,236.44533195411617,0.0,236.44533195411617,Tuolumne_River,elevTPI
Tuolumne_River_distributed_elevTPI,qTopmodl,2010,3.7238281960771635,257.1083506618933,0.0,260.83217885797046,Tuolumne_River,elevTPI
Tuolumne_River_distributed_elevTPI,qTopmodl,2011,2.6045053275801955,263.49543705088104,0.0,266.0999423784612,Tuolumne_River,elevTPI
Tuolumne_River_distributed_elevTPI,qTopmodl,2012,0.0,235.10726550818032,0.0,235.10726550818032,Tuolumne_River,elevTPI
Tuolumne_River_distributed_elevTPI,qTopmodl,2013,0.0,226.56525669468414,0.0,226.56525669468414,Tuolumne_River,elevTPI
Tuolumne_River_distributed_elevTPI,qTopmodl,2014,0.0,230.60048633081541,0.0,230.60048633081541,Tuolumne_River,elevTPI
Tuolumne_River_distributed_elevTPI,qTopmodl,2015,0.0,249.69445020314467,0.0,249.69445020314467,Tuolumne_River,elevTPI
Tuolumne_River_distributed_elevTPI,qTopmodl,2016,0.0,246.43952081409398,0.0,246.43952081409398,Tuolumne_River,elevTPI
Tuolumne_River_distributed_elevTPI,qTopmodl,2017,0.0,254.35810461728934,0.0,254.35810461728934,Tuolumne_River,elevTPI
Tuolumne_River_distributed_elevTPI,qTopmodl,2018,0.0,230.3483040751847,0.0,230.3483040751847,Tuolumne_River,elevTPI
Tuolumne_River_distributed_elevTPI,qTopmodl,2019,0.0,254.99363592065703,0.0,254.99363592065703,Tuolumne_River,elevTPI
Tuolumne_River_distributed_elevTPI,qTopmodl,2020,0.0,248.96735431619385,0.0,248.96735431619385,Tuolumne_River,elevTPI
