DATE,WY 1970,WY 1971,WY 1972,WY 1973,WY 1974,WY 1975,WY 1976,WY 1977,WY 1978,WY 1979,WY 1980,WY 1981,WY 1982,WY 1983,WY 1984,WY 1985,WY 1986,WY 1987,WY 1988,WY 1989,WY 1990,WY 1991,WY 1992,WY 1993,WY 1994,WY 1995,WY 1996,WY 1997,WY 1998,WY 1999,WY 2000,WY 2001,WY 2002,WY 2003,WY 2004,WY 2005,WY 2006,WY 2007,WY 2008,WY 2009,WY 2010,WY 2011,WY 2012,WY 2013,WY 2014,WY 2015,WY 2016,WY 2017,WY 2018,WY 2019,WY 2020,WY 2021,WY 2022,WY 2023,WY 2024
10/1,95,96,85,94,47,90,46,55,23,178,138,102,31,770,612,71,76,231,30,33,355,37,33,73,35,35,101,59,47,409,53,87,55,21,125,100,117,112,103,30,21,18,92,16,34,33,35,44,158,28,45,20,25,32,90
10/2,88,78,85,140,50,90,36,227,13,166,144,106,39,645,679,95,74,241,58,25,314,35,19,71,35,51,93,54,61,368,53,72,48,24,39,26,50,69,107,37,22,20,90,17,33,33,61,44,145,32,44,20,23,30,100
10/3,86,89,85,75,47,83,39,294,18,149,158,102,49,616,657,117,79,255,30,24,284,33,58,73,35,48,87,56,42,295,50,11,48,23,43,7,41,61,98,30,24,72,88,18,32,32,41,44,138,32,44,20,22,28,109
10/4,93,96,81,95,55,79,39,284,19,146,82,102,51,539,676,129,82,216,32,24,254,35,36,71,35,111,83,59,51,185,53,1,45,20,156,3,45,76,105,36,21,160,86,19,31,31,25,46,133,32,43,20,21,27,104
10/5,86,78,85,100,55,79,39,227,18,139,77,99,52,491,595,117,83,182,30,21,234,33,27,73,35,430,83,56,51,164,53,5,48,20,76,184,45,67,101,35,43,307,164,21,31,30,22,46,123,36,43,19,20,26,95
10/6,84,92,81,115,63,79,192,176,18,129,73,106,52,433,515,135,125,188,38,24,232,33,0,71,31,336,81,50,21,103,50,20,45,23,25,7,38,72,98,43,28,213,402,22,30,29,37,48,107,38,42,19,20,26,89
10/7,83,90,85,115,67,83,152,157,20,133,61,102,92,433,437,117,145,207,41,24,209,37,8,71,35,272,83,56,47,161,53,7,45,20,30,7,47,76,87,48,27,169,231,23,28,29,25,48,92,38,41,19,20,25,84
10/8,73,85,85,147,72,83,89,134,18,129,72,102,70,375,482,129,399,197,30,23,201,35,18,71,35,268,79,56,34,56,53,84,45,21,58,234,41,70,74,43,28,125,206,25,27,28,30,48,90,38,41,19,20,24,80
10/9,73,103,85,157,104,82,56,119,13,118,88,102,65,347,424,106,380,212,30,25,174,35,32,71,33,276,75,56,34,94,50,96,45,21,31,13,51,78,62,43,25,118,263,25,29,27,35,51,86,36,40,19,20,24,79
10/10,76,89,81,234,76,87,56,113,18,116,95,102,93,347,442,157,314,197,41,24,167,33,15,71,33,285,75,54,25,82,53,91,41,21,41,130,45,78,58,43,23,104,345,26,32,26,35,51,84,36,40,18,20,23,76
10/11,84,90,85,281,60,83,930,93,14,118,95,99,154,318,367,168,314,197,53,21,151,37,61,71,35,319,72,59,34,123,53,1,48,23,32,13,53,67,53,48,28,81,681,28,35,25,41,50,79,34,39,18,19,23,75
10/12,69,85,85,312,47,83,565,83,18,116,96,102,205,347,334,174,342,192,41,22,132,35,69,71,33,323,72,54,99,14,48,28,48,18,84,15,47,69,67,39,28,89,873,26,36,24,30,50,80,34,38,18,19,23,74
10/13,54,75,81,168,47,83,464,84,20,113,97,102,205,255,287,163,352,188,28,21,125,35,7,71,35,298,72,56,58,127,50,36,48,17,84,124,43,63,46,48,232,118,593,25,36,25,35,50,80,32,38,18,18,22,72
10/14,73,85,81,153,42,90,420,73,23,113,77,96,205,252,233,133,276,163,28,23,117,34,6,73,39,251,71,59,96,113,48,96,50,21,40,7,47,78,42,48,1514,111,538,25,35,28,15,55,76,32,37,18,18,22,70
10/15,366,103,81,137,880,83,314,77,22,101,83,102,174,239,215,156,276,159,32,23,112,34,24,71,41,191,72,56,105,78,48,111,55,18,79,57,29,78,40,52,1641,125,472,23,34,29,35,56,69,30,36,17,18,21,68
10/16,1390,85,81,156,422,97,348,76,21,97,82,102,149,214,211,180,276,163,28,21,108,36,44,71,45,166,72,59,85,188,50,111,51,20,18,237,32,67,55,52,794,111,376,27,35,29,60,132,69,28,35,17,18,21,66
10/17,1034,85,81,125,273,95,368,74,16,101,106,102,152,210,206,258,247,144,28,20,105,33,32,71,51,133,75,56,94,139,53,51,48,20,23,278,32,76,42,48,683,75,334,27,35,29,329,3726,65,28,34,17,18,20,65
10/18,593,96,81,142,223,83,310,77,25,100,100,99,155,200,213,303,247,144,34,23,102,34,47,71,47,106,71,56,77,13,53,41,45,23,137,48,37,61,42,54,662,125,306,25,34,29,453,2237,65,27,34,17,20,20,63
10/19,399,85,81,173,161,79,272,84,20,97,113,102,160,210,213,313,266,139,30,20,102,37,36,63,45,94,67,59,33,54,53,14,45,23,27,369,29,67,51,39,683,161,276,25,32,28,294,1052,69,26,33,17,25,20,61
10/20,334,78,81,184,87,83,272,75,18,93,1038,85,138,193,213,336,238,137,36,23,105,34,40,71,43,86,63,63,51,21,53,32,51,21,29,369,27,67,58,35,798,163,231,24,30,28,199,757,78,26,32,17,22,19,59
10/21,323,84,76,200,60,83,282,69,20,90,688,98,205,181,216,326,183,137,50,20,105,37,47,64,43,73,57,63,77,58,50,96,48,18,27,460,27,76,58,35,544,166,194,24,30,28,169,617,80,25,31,17,22,19,58
10/22,345,89,85,187,72,74,268,73,25,97,431,102,195,217,213,258,266,139,34,20,105,32,44,73,43,77,59,59,43,49,50,96,41,21,24,354,16,84,53,43,435,168,167,23,27,28,133,555,80,25,31,17,30,19,57
10/23,269,89,81,164,122,68,275,81,23,97,298,104,164,828,188,219,323,129,123,21,132,33,47,71,45,77,53,66,19,152,53,111,36,20,39,414,16,78,74,39,406,191,164,25,26,28,113,516,85,24,30,17,40,20,57
10/24,334,96,81,390,161,68,268,77,21,87,281,101,205,1502,192,219,324,135,88,20,265,36,48,73,43,77,47,59,26,11,53,91,41,23,35,532,7,92,67,39,384,981,153,32,26,28,81,573,84,24,30,17,1550,20,56
10/25,323,103,81,374,146,83,275,84,23,93,365,106,195,2233,188,241,473,131,43,20,776,36,55,67,46,77,43,63,18,70,53,63,38,20,115,473,47,84,89,43,340,9273,139,27,25,28,82,454,81,23,29,17,7617,20,55
10/26,291,85,76,203,223,83,275,77,23,90,537,102,162,5621,179,258,477,139,32,20,522,36,243,71,45,77,45,69,35,3,53,51,48,23,132,530,60,88,80,52,282,4886,114,25,24,28,83,376,80,23,28,17,5548,20,57
10/27,291,90,81,147,198,99,3426,77,23,83,539,96,162,3571,174,263,371,154,49,22,425,37,339,71,41,73,49,69,60,164,53,72,41,18,5,416,343,92,87,48,233,1599,125,25,27,28,76,430,78,22,28,16,1826,20,58
10/28,237,92,85,147,149,114,1845,77,18,79,382,111,244,1954,167,274,323,163,106,21,347,31,186,67,39,73,45,81,69,82,53,103,48,20,38,470,365,94,67,48,238,968,118,25,31,27,75,1350,76,22,27,16,1695,20,57
10/29,205,53,85,125,92,110,1142,77,16,79,265,102,478,1142,167,247,249,169,213,20,321,33,130,80,41,65,43,91,28,92,50,87,45,21,186,451,346,84,78,26,237,713,107,25,44,27,128,4298,74,21,27,16,1432,20,54
10/30,205,53,88,111,84,94,908,85,24,90,226,116,485,1712,174,230,198,154,259,20,295,36,113,292,39,65,41,95,77,143,53,102,43,20,29,412,274,96,89,48,195,561,103,27,40,26,138,1938,74,21,26,16,1223,20,51
10/31,194,96,85,100,84,79,840,64,23,79,202,116,452,2801,206,236,152,159,111,19,273,33,121,289,37,61,35,100,86,120,56,126,45,20,32,391,249,78,80,104,195,503,110,25,38,27,119,4531,74,20,26,16,1080,20,50
11/1,217,60,109,106,73,97,693,80,41,94,216,126,459,1613,274,254,162,102,227,71,304,32,113,206,16,57,54,114,87,65,92,80,65,52,120,264,85,52,91,653,202,468,103,23,37,110,128,2718,73,20,25,16,938,20,50
11/2,248,54,104,100,68,92,681,71,32,90,239,102,472,1322,439,271,161,78,262,78,283,32,119,198,15,57,51,114,86,89,83,78,58,52,23,315,74,62,71,1470,159,450,103,27,36,88,788,1177,72,19,25,16,758,23,49
11/3,302,49,104,95,68,92,656,71,28,94,237,110,516,1098,411,271,155,79,236,82,274,31,136,203,16,57,51,114,78,113,83,73,68,43,14,361,37,50,88,836,134,458,93,25,37,76,523,1021,74,19,25,16,708,26,48
11/4,251,102,98,100,62,87,637,64,43,94,197,102,468,904,363,311,139,78,227,76,265,30,137,184,16,79,54,111,78,210,88,105,62,48,97,456,24,56,92,484,159,506,96,24,37,61,365,897,75,18,24,16,689,25,48
11/5,302,151,104,116,51,97,613,71,52,102,275,110,468,855,315,306,139,78,210,82,274,31,178,156,16,110,47,99,78,97,92,122,58,48,66,250,34,61,77,370,144,439,96,23,36,54,296,780,82,18,24,16,728,26,47
11/6,314,191,109,122,136,97,551,67,49,94,307,106,391,768,258,311,128,71,236,71,283,31,188,142,16,2010,47,93,62,39,83,122,68,52,94,389,43,49,90,312,144,423,110,23,34,49,267,687,80,18,24,20,611,12,49
11/7,295,207,98,235,194,105,551,75,38,97,336,106,381,768,325,385,123,73,283,64,277,30,215,131,17,1952,42,85,41,103,88,64,58,193,44,323,35,48,77,250,115,408,134,23,36,44,252,645,76,17,23,25,500,133,108
11/8,326,210,104,250,312,92,557,67,56,110,246,131,358,680,353,429,101,71,257,71,256,30,209,129,16,1106,47,96,70,92,92,57,53,3242,88,423,35,37,102,378,130,844,228,22,38,42,247,594,67,17,23,35,429,120,78
11/9,302,191,109,250,395,97,551,67,41,114,244,121,315,680,323,441,82,76,200,87,252,32,216,120,15,911,47,111,86,126,79,73,64,2688,138,370,36,43,114,498,84,734,107,25,37,40,329,539,65,17,22,38,651,117,56
11/10,302,202,109,235,813,105,532,75,41,110,247,118,294,680,383,463,90,71,187,78,219,31,266,106,14,703,47,111,101,109,74,102,53,915,90,473,110,41,98,417,85,701,103,28,35,39,257,511,68,17,22,37,841,110,45
11/11,292,199,700,203,3180,97,483,71,48,119,254,139,274,651,950,514,113,62,166,74,230,31,227,107,15,651,47,111,88,194,88,129,50,471,87,478,126,46,96,341,72,720,121,27,35,38,231,500,66,17,21,39,923,120,46
11/12,292,202,1078,168,8692,92,464,67,48,107,254,139,275,622,2681,599,123,59,149,84,210,29,154,100,16,612,40,111,113,150,88,122,68,441,90,432,128,46,73,374,76,582,227,25,34,37,236,469,65,17,21,45,859,123,46
11/13,290,184,470,169,3191,87,427,67,36,102,222,134,939,632,1637,655,139,51,187,86,195,29,142,87,15,520,42,114,86,239,97,80,58,363,72,383,117,218,98,421,77,532,164,25,35,47,262,423,65,16,21,43,754,114,45
11/14,290,191,226,282,1632,105,417,71,41,119,254,110,4064,651,1206,701,145,55,385,78,202,30,158,87,15,507,40,104,94,233,88,121,58,292,148,284,82,598,78,451,80,504,141,27,36,76,257,399,89,16,21,46,674,101,45
11/15,362,191,161,313,1191,115,396,77,41,122,168,102,2284,632,1015,604,180,54,270,73,166,31,145,81,16,403,36,107,88,176,79,95,50,212,120,334,71,272,71,515,79,602,129,26,36,66,257,384,115,17,20,51,616,100,46
11/16,507,184,139,313,1102,97,359,64,48,127,166,97,1570,622,774,519,190,47,209,78,155,31,141,81,15,262,36,96,55,217,83,56,58,145,66,236,161,196,90,531,93,680,107,29,34,57,262,337,269,16,20,46,545,95,67
11/17,459,188,135,328,1038,105,340,67,45,131,331,114,1308,554,1752,463,175,46,236,92,132,30,145,73,16,259,42,1262,51,227,77,92,77,150,72,288,157,161,83,427,101,592,100,260,32,49,262,337,4718,16,20,47,484,97,63
11/18,314,176,135,313,1444,105,313,66,41,131,316,106,1137,598,3466,465,226,45,306,88,139,31,204,75,18,250,40,3087,62,187,83,90,58,146,94,241,82,157,89,369,79,575,103,306,31,49,276,306,2040,16,20,55,437,98,96
11/19,256,184,128,328,1113,105,291,64,41,143,172,106,1026,1886,1142,463,195,45,305,103,132,31,207,75,16,260,36,1427,78,154,108,116,64,153,72,269,56,150,71,314,58,532,93,260,47,50,283,283,788,16,20,73,381,102,211
11/20,245,176,128,282,888,105,278,64,55,122,273,106,765,1127,3639,463,236,42,297,92,124,32,237,73,16,293,40,1447,54,223,103,49,77,211,51,338,50,131,63,284,64,510,89,177,67,49,278,275,496,16,20,61,325,97,118
11/21,227,169,122,328,781,105,291,64,132,145,278,106,604,923,1937,464,205,40,297,73,104,34,258,66,15,258,40,2117,47,268,88,89,140,273,44,288,51,131,57,211,86,499,100,154,106,57,262,290,474,20,20,60,290,94,84
11/22,229,140,119,282,642,105,272,58,253,151,216,102,885,816,1050,445,152,42,283,90,94,32,279,66,15,258,25,3342,54,300,88,85,885,292,72,170,58,111,63,177,78,524,114,250,57,68,264,283,519,40,20,57,265,92,64
11/23,206,124,119,282,513,97,260,64,213,159,195,106,976,884,1049,449,177,43,253,147,129,31,253,59,14,245,33,1545,62,290,83,82,202,236,131,243,60,103,59,176,64,546,105,179,44,137,257,306,543,80,20,54,242,90,62
11/24,193,235,98,250,474,110,247,64,91,167,276,106,905,797,2652,492,213,45,240,453,142,32,227,56,16,245,25,974,78,356,83,127,1245,187,81,141,64,103,63,182,85,553,100,160,38,83,231,290,536,247,19,51,227,89,60
11/25,199,1441,109,313,413,105,229,60,91,167,391,114,1046,710,2576,497,380,51,219,349,261,31,221,61,16,241,33,666,66,340,88,89,657,139,51,19,61,95,61,176,78,611,89,156,37,75,221,259,505,217,19,47,214,92,53
11/26,175,2044,93,344,417,123,217,56,111,188,909,110,845,690,1580,452,410,55,175,250,388,31,221,59,15,267,30,455,218,288,92,113,400,117,21,344,158,93,61,164,64,608,88,130,35,69,324,267,528,148,19,43,203,91,46
11/27,175,1173,219,313,428,115,209,56,101,188,685,110,765,661,1183,492,523,59,143,194,293,32,219,59,16,302,19,338,210,297,88,114,234,110,21,294,82,83,57,163,78,607,86,136,35,67,248,283,709,115,23,41,214,87,45
11/28,158,826,519,422,396,123,204,60,101,191,524,102,724,619,964,870,523,69,135,201,293,32,204,59,16,289,17,264,156,289,92,64,218,106,21,235,239,84,59,164,64,607,96,158,35,69,205,290,798,295,108,41,197,85,45
11/29,160,994,369,344,513,123,198,60,91,188,441,107,543,778,867,655,493,66,118,190,261,31,178,59,16,267,24,211,174,490,88,122,209,91,21,295,642,70,67,159,86,606,93,305,34,71,197,298,704,516,90,37,179,81,47
11/30,145,804,314,282,524,128,192,67,91,207,434,102,473,1021,777,510,523,66,105,196,297,32,129,56,16,260,21,169,148,933,81,94,254,85,76,190,767,59,67,142,93,608,83,373,32,90,188,283,528,601,70,35,162,79,49
12/1,121,769,214,157,598,463,230,38,93,218,434,112,393,932,772,438,492,79,175,189,307,32,135,86,50,374,27,144,188,901,62,50,350,128,70,162,1266,61,54,134,79,568,79,1140,29,99,180,287,451,435,91,34,148,80,48
12/2,105,793,203,142,540,511,280,34,52,211,291,129,467,808,705,415,675,74,165,197,288,32,110,77,57,374,27,138,202,795,62,72,366,128,55,191,2081,48,53,112,86,600,89,896,31,125,185,253,421,261,280,33,146,88,50
12/3,104,781,238,142,528,335,360,32,52,215,354,128,457,765,753,405,1466,60,170,189,302,33,110,69,57,402,27,165,214,590,66,66,382,131,55,248,504,40,45,112,70,595,75,3220,35,368,195,228,367,210,178,33,145,107,48
12/4,105,698,238,142,575,191,338,26,62,190,330,371,414,756,753,362,955,79,165,175,333,33,115,61,49,580,31,307,202,536,66,109,399,116,61,45,292,36,80,95,83,655,79,1098,38,515,319,228,321,210,171,31,144,318,47
12/5,91,663,274,324,610,199,324,26,41,199,319,390,467,728,743,340,656,66,170,160,387,33,129,65,57,692,27,2119,167,431,69,112,404,111,312,207,200,28,91,85,77,749,75,909,28,280,252,236,260,188,146,30,141,400,49
12/6,92,674,274,324,528,145,287,27,56,193,316,70,393,690,753,334,492,66,201,173,338,32,105,77,57,514,27,898,192,387,62,90,426,111,810,226,224,35,109,95,75,883,79,1494,32,232,216,207,226,193,134,30,139,254,52
12/7,105,678,226,288,504,150,280,28,56,190,321,91,414,710,724,324,511,66,321,170,324,33,102,102,57,514,42,628,260,343,66,98,426,106,623,320,216,26,121,84,69,888,64,1008,37,191,200,220,226,192,149,30,136,169,62
12/8,97,1112,203,252,504,319,274,32,60,187,315,101,467,799,685,312,463,60,373,169,324,33,117,107,53,490,54,747,303,312,66,83,420,98,340,296,204,72,128,86,64,694,68,687,34,172,180,252,234,210,324,29,123,136,58
12/9,96,1041,167,252,504,574,280,37,52,187,303,140,425,781,734,317,463,74,388,154,297,33,113,236,57,477,42,922,274,269,66,90,420,95,235,294,224,77,70,76,57,978,75,587,36,168,190,539,220,204,236,28,210,136,56
12/10,97,852,191,240,540,734,294,34,52,199,383,176,351,808,1056,320,405,66,368,147,257,32,121,304,57,440,45,1904,231,290,66,109,413,100,296,348,227,121,54,91,50,790,57,457,40,163,543,702,206,178,131,28,169,221,57
12/11,90,677,238,216,528,542,259,37,46,199,316,168,329,657,1036,317,357,79,368,150,230,33,99,254,53,426,452,2442,260,339,66,102,417,111,237,404,206,183,55,82,57,2672,54,395,43,159,418,2951,176,166,122,28,141,710,56
12/12,102,627,226,240,575,287,230,37,52,193,235,140,308,551,1105,312,290,66,336,160,189,32,114,236,57,408,2233,2120,251,308,69,100,410,116,237,457,148,210,61,82,194,1448,54,354,45,274,298,1421,153,146,118,33,153,435,55
12/13,92,580,250,252,610,255,201,27,49,193,319,168,329,467,861,321,292,54,279,143,207,32,99,171,67,402,1139,1637,215,333,66,68,420,226,319,405,163,244,74,64,538,958,54,341,44,243,484,791,145,159,115,49,309,339,52
12/14,85,499,214,240,540,223,179,28,102,199,240,148,351,467,821,297,270,48,259,154,199,32,89,213,72,389,647,1377,192,291,62,103,431,303,270,459,175,278,67,58,304,790,54,321,46,187,339,677,153,146,436,65,633,292,47
12/15,90,487,160,138,528,113,201,30,298,190,159,109,393,506,919,313,264,51,208,154,199,32,113,236,72,389,520,1113,188,310,62,71,413,347,179,381,180,227,61,69,209,782,54,304,46,176,308,640,153,140,262,52,536,250,49
12/16,85,460,160,150,493,108,194,30,699,203,229,147,414,480,870,324,282,38,187,155,189,33,102,175,72,397,402,886,188,346,59,96,438,357,187,215,197,233,85,86,213,764,64,294,47,264,284,4685,145,141,185,54,472,240,47
12/17,102,452,274,240,504,140,201,28,524,206,172,151,457,480,900,319,279,43,243,154,166,32,107,236,72,389,290,814,185,355,59,95,420,341,245,329,188,166,86,82,210,815,61,305,53,217,272,2182,130,139,155,68,426,234,47
12/18,104,433,226,336,469,145,194,36,1460,203,182,179,425,452,762,334,301,43,186,154,171,32,113,248,72,383,223,778,176,365,54,96,415,336,243,289,603,161,150,91,195,2244,57,393,57,198,355,1145,145,225,145,70,420,227,47
12/19,335,421,148,1862,493,133,179,25,607,190,198,188,698,464,705,340,299,43,196,150,153,33,126,248,72,365,210,730,144,327,66,120,410,406,305,339,827,121,150,95,203,3308,57,365,64,202,334,904,140,177,140,64,420,217,
12/20,2010,413,131,1514,493,133,201,28,442,203,199,191,4259,503,646,324,299,59,191,154,163,33,113,175,72,359,214,670,98,317,48,114,404,441,352,276,544,117,207,95,196,3758,52,391,58,198,339,679,150,174,130,63,394,198,
12/21,2761,393,179,1465,469,133,208,28,319,218,196,186,6872,719,596,313,318,49,186,154,153,32,114,179,72,352,202,623,201,290,62,109,420,446,398,273,532,182,240,125,196,1580,57,400,55,209,2067,579,136,257,122,60,381,182,
12/22,1444,352,1501,1201,493,134,208,30,209,215,225,214,2479,1154,567,278,351,54,291,154,144,33,86,175,72,333,188,623,182,290,66,114,420,446,352,275,1773,189,125,159,188,1253,43,430,52,247,1771,508,115,204,115,59,387,185,
12/23,1028,343,977,925,563,124,187,28,617,211,279,176,1455,1980,627,258,364,69,498,184,153,32,114,175,72,333,173,623,117,222,62,114,431,434,361,273,1773,167,62,200,210,1182,57,500,47,299,778,499,106,175,122,57,720,182,
12/24,843,322,802,745,458,134,179,24,802,223,338,155,1053,1119,714,265,365,64,426,205,153,33,102,184,78,339,165,613,196,223,54,134,426,387,469,218,1129,167,105,215,188,1061,55,557,44,322,582,573,122,146,219,57,2145,175,
12/25,2126,325,655,661,385,145,165,25,452,227,378,161,871,924,3384,268,367,54,300,205,139,33,136,184,82,346,154,646,159,225,62,112,426,385,553,218,811,167,123,228,176,1010,43,557,43,376,489,484,116,367,166,55,1128,182,
12/26,1040,325,596,486,463,128,187,30,319,231,378,161,860,756,3365,262,369,64,208,213,166,32,134,179,86,327,146,886,145,160,62,90,415,380,506,208,805,240,204,258,202,908,54,514,42,266,427,446,120,263,140,66,816,318,
12/27,659,318,524,464,573,140,179,20,1049,227,350,147,818,699,2895,265,371,59,217,205,166,33,113,175,86,320,146,922,208,179,64,63,394,396,434,252,805,254,235,262,196,873,47,442,39,198,385,430,117,210,130,59,724,811,
12/28,497,305,477,432,939,140,159,30,1511,211,275,165,818,666,1741,268,370,69,222,213,163,33,105,175,86,314,140,800,190,157,62,72,547,406,422,297,2643,258,88,284,188,851,43,400,37,187,344,415,115,185,122,61,633,2313,
12/29,416,293,428,347,1408,145,151,24,1131,215,273,196,786,625,1062,265,368,64,238,240,144,33,134,359,78,314,176,1787,151,229,66,118,1059,406,428,309,2311,186,35,297,166,952,47,366,34,170,329,419,107,153,115,59,575,947,
12/30,416,298,421,278,2253,128,151,18,822,206,283,150,1200,559,1246,258,733,54,248,254,144,33,142,304,78,309,371,2969,130,152,66,136,996,434,434,340,2195,197,60,314,194,931,54,345,34,155,329,413,92,153,108,51,519,743,
12/31,358,290,408,275,1302,128,151,21,720,203,794,176,1041,527,1849,252,955,44,233,240,130,33,145,304,76,322,524,2799,173,205,59,127,858,441,434,426,8153,199,128,305,166,823,54,318,34,148,314,406,92,135,106,59,494,6064,
1/1,286,280,441,295,889,126,192,45,669,173,1019,131,851,534,1235,284,587,45,228,248,105,14,158,217,76,214,466,14242,106,165,85,152,675,360,358,474,3295,170,74,305,188,793,50,302,36,140,308,403,99,127,108,51,467,6980,
1/2,254,261,428,272,699,111,176,50,473,173,782,124,851,522,974,280,499,49,218,227,125,14,174,201,76,218,438,37685,166,146,80,124,633,376,399,444,2922,162,165,334,195,844,51,303,37,131,293,403,92,127,115,52,465,2152,
1/3,233,240,416,199,549,111,168,53,358,168,669,141,768,509,905,284,558,59,208,248,118,14,162,211,76,218,396,18379,230,185,80,137,605,389,392,451,1621,249,205,318,195,800,40,313,36,131,287,401,99,115,112,54,456,1330,
1/4,243,219,410,148,403,120,176,64,369,185,556,128,727,487,920,264,665,80,451,254,121,13,142,163,68,227,364,7052,248,160,80,124,633,398,390,347,1193,729,503,292,181,684,43,327,35,122,306,548,115,117,145,59,442,1080,
1/5,212,210,469,134,400,132,151,53,496,185,414,127,851,480,905,264,1047,89,567,254,125,13,158,163,76,414,345,4122,247,111,85,127,562,418,336,423,1070,367,503,297,202,619,43,325,38,120,372,2220,138,146,165,73,434,1109,
1/6,212,258,359,102,400,241,161,50,669,179,389,128,1007,484,839,273,1634,114,805,269,138,14,136,214,73,401,350,3219,282,133,85,124,576,440,390,401,1009,273,457,297,226,608,43,351,37,128,457,936,232,191,142,65,479,1335,
1/7,201,270,333,102,420,452,172,45,565,185,388,133,806,487,812,266,939,109,543,241,159,14,142,594,68,752,334,2526,235,146,88,135,633,458,378,465,954,243,307,288,227,602,36,330,36,131,449,1397,390,275,136,62,514,976,
1/8,139,258,306,115,352,542,225,45,462,189,343,133,758,477,821,286,822,94,451,248,155,14,145,930,68,828,327,2108,185,230,80,113,576,466,380,634,839,229,261,292,239,581,37,317,36,142,386,4171,543,256,125,59,483,954,
1/9,624,270,291,206,363,512,217,50,485,208,414,141,720,480,696,292,607,80,403,234,168,14,154,681,64,1262,317,1864,243,215,80,135,670,492,392,1173,658,219,167,292,268,568,37,325,37,146,344,11837,1116,261,120,54,448,1097,
1/10,741,283,280,302,363,406,225,53,727,493,762,141,692,491,635,286,519,89,379,213,163,14,146,487,68,2218,299,1558,229,193,80,142,598,488,392,1014,658,192,181,275,282,528,37,392,36,150,314,4118,895,312,115,54,434,3986,
1/11,561,283,247,288,378,316,225,53,692,951,1060,128,664,496,603,280,519,84,344,219,168,14,154,455,73,2969,303,1446,294,215,76,145,599,488,497,866,635,178,169,275,315,507,40,382,36,152,298,3960,619,274,110,55,427,1772,
1/12,321,332,259,727,404,243,209,45,635,4665,2450,150,639,512,550,262,470,45,315,234,235,15,146,433,68,1338,317,1314,435,176,85,96,588,484,535,602,639,148,100,258,315,514,43,294,36,152,303,2178,467,225,108,51,421,1387,
1/13,519,418,259,1029,480,238,184,29,646,1624,10161,133,637,509,522,244,499,41,286,197,302,14,170,556,77,1376,323,1202,600,179,85,79,593,463,443,539,635,115,105,220,492,533,40,262,36,140,334,1736,390,197,105,52,472,1221,
1/14,931,393,309,919,460,257,180,33,715,897,14680,141,635,517,502,268,470,36,262,200,319,14,170,786,73,1529,294,1059,506,204,85,103,557,453,427,571,664,109,100,219,404,539,32,228,38,135,370,1332,337,178,102,54,571,1074,
1/15,899,307,317,672,489,263,175,28,1177,693,4911,141,635,512,481,256,440,43,292,189,389,14,181,825,63,2625,463,1131,988,240,85,113,497,449,371,571,612,102,118,219,377,539,38,226,38,125,428,1187,330,153,97,60,474,1338,
1/16,5630,359,317,600,698,268,193,45,1338,660,3037,150,633,513,452,268,460,55,330,193,440,13,161,844,68,1338,1015,1039,2659,327,93,90,471,453,388,579,580,102,135,220,282,812,40,229,38,120,468,1091,283,224,83,66,450,1148,
1/17,3026,903,289,1646,1578,272,185,31,1096,520,2202,127,602,511,452,292,548,59,360,200,360,14,158,805,80,1045,1113,947,1565,398,154,108,429,457,400,524,594,96,137,271,290,906,47,288,37,118,458,982,255,1010,83,74,431,959,
1/18,1450,1475,309,1166,1518,376,192,28,946,455,1626,125,574,513,461,286,851,64,335,234,339,14,178,758,73,748,1015,896,1330,500,948,97,394,479,423,528,632,91,171,340,297,1091,55,316,39,114,523,1029,254,930,89,77,414,856,
1/19,1101,1733,261,933,2018,406,178,29,750,455,1379,125,571,509,459,347,695,36,340,241,297,14,161,700,80,752,918,876,1189,1385,452,120,387,497,347,592,640,77,169,353,384,906,58,316,42,114,782,1181,350,656,83,71,392,770,
1/20,1037,1401,235,689,1499,301,193,28,692,465,1174,137,560,500,471,408,626,55,301,254,282,14,176,682,73,675,678,877,867,1488,363,127,393,492,358,768,579,74,184,207,408,852,61,320,42,110,613,1041,321,599,83,65,381,702,
1/21,5122,1141,309,609,1139,361,169,24,588,422,1044,133,548,515,471,365,587,46,315,241,252,14,166,969,73,612,612,947,676,1203,286,102,392,497,352,863,523,96,169,202,409,718,1121,315,42,103,551,951,275,561,83,64,375,624,
1/22,3587,885,309,576,939,331,160,45,554,379,958,127,548,609,471,365,548,59,310,254,243,14,162,1630,76,599,549,928,677,885,352,135,390,492,367,861,472,99,181,679,410,724,807,338,41,100,973,920,291,496,83,61,371,587,
1/23,2127,831,275,456,729,361,163,37,473,379,865,137,550,953,452,347,489,70,330,283,239,14,162,1161,68,637,503,931,635,772,309,120,368,488,344,824,492,104,186,1662,400,723,428,380,44,99,605,1188,255,459,83,59,365,556,
1/24,1746,714,247,424,669,406,171,41,399,346,793,137,527,1085,446,322,460,74,370,254,243,15,153,825,80,675,490,964,659,715,1885,135,359,497,330,845,346,142,184,2071,370,627,383,429,44,94,571,1013,251,403,76,60,354,527,
1/25,1312,602,275,369,639,406,166,36,411,346,705,147,664,1387,452,266,411,80,389,254,248,14,142,650,80,752,480,2801,635,612,1268,169,351,492,288,969,357,130,169,1769,370,631,288,659,44,94,513,858,245,357,81,55,342,525,
1/26,1026,586,207,359,549,331,169,50,400,325,786,146,685,1085,458,247,421,94,408,262,248,14,146,585,80,765,466,1701,588,558,574,154,330,479,330,1099,299,143,183,1102,410,628,322,743,45,94,489,765,245,350,107,55,337,515,
1/27,1143,590,193,332,519,331,166,41,393,292,731,254,799,934,459,256,460,89,413,269,248,14,146,527,80,714,476,1227,635,455,430,158,337,510,269,1028,438,130,434,700,411,610,325,668,45,99,484,741,248,404,334,71,336,487,
1/28,910,602,289,318,519,346,162,37,401,292,741,565,623,821,459,274,489,84,432,241,239,14,142,499,85,675,490,1133,571,432,374,105,326,556,258,921,436,143,477,571,384,690,248,500,44,99,473,718,256,404,223,147,336,479,
1/29,718,639,289,370,519,316,180,36,398,325,638,389,592,736,456,280,519,89,422,241,230,14,129,547,76,675,485,1054,451,409,265,120,310,574,301,762,374,124,401,503,348,619,248,431,64,99,1370,716,255,401,187,270,336,462,
1/30,657,651,317,412,460,316,162,47,392,303,607,338,546,660,458,256,470,109,343,333,214,14,135,442,80,726,480,976,512,336,286,135,316,561,287,598,548,124,289,498,355,636,230,386,119,99,1839,702,245,369,146,214,336,458,
1/31,582,639,289,302,450,192,176,45,335,303,537,287,515,604,446,256,685,104,335,368,226,14,129,433,80,726,480,988,391,353,286,133,373,543,301,602,500,130,309,494,348,588,203,378,440,99,732,659,244,405,137,170,336,438,
2/1,509,620,334,398,509,226,132,30,384,292,528,238,468,616,454,237,647,109,308,424,226,26,147,409,93,802,392,1124,334,305,320,148,344,578,358,651,512,98,263,520,322,696,177,356,198,99,621,687,245,417,166,148,348,444,
2/2,446,564,275,430,475,344,132,34,358,292,530,289,465,577,460,225,618,115,294,431,221,26,133,409,93,850,380,1017,715,382,359,167,336,733,327,716,842,98,299,510,312,527,167,324,130,99,587,733,260,594,195,146,350,418,
2/3,443,540,290,351,487,377,131,27,369,267,529,231,465,491,462,206,541,89,289,330,230,26,117,435,88,958,421,934,1972,493,320,239,310,574,386,535,1013,64,280,507,320,527,160,322,104,97,545,811,283,1490,162,151,331,381,
2/4,470,508,326,272,453,492,144,34,309,279,518,231,464,567,461,176,522,99,281,282,226,26,124,435,88,934,2827,781,1470,560,282,294,268,467,377,657,783,77,290,511,318,567,138,367,88,97,489,1392,314,1240,127,146,326,361,
2/5,480,461,304,351,475,361,152,34,376,328,532,225,449,404,490,188,512,74,245,276,230,26,123,390,93,1005,5541,753,1062,517,282,309,269,378,343,588,674,265,310,494,316,543,144,356,84,97,453,928,306,882,124,158,319,534,
2/6,460,440,304,351,441,361,152,24,655,352,529,184,440,541,494,187,522,84,240,269,247,26,144,426,97,838,2694,730,956,479,217,319,260,365,377,628,500,144,299,516,407,564,139,346,96,99,442,811,304,650,121,182,318,591,
2/7,470,420,248,478,441,377,163,27,816,340,611,185,416,750,494,188,387,63,239,296,255,26,135,395,97,766,1735,696,956,1611,246,260,279,329,318,464,499,92,307,520,474,661,142,326,116,264,628,1000,301,573,115,197,330,543,
2/8,578,404,290,494,385,393,189,28,976,328,610,186,419,1000,494,280,454,84,271,296,259,25,167,466,101,814,1454,678,896,1827,217,255,281,329,263,388,1039,171,314,496,406,602,164,316,190,1278,695,6080,306,516,115,195,344,495,
2/9,666,429,304,494,351,787,189,27,1026,352,449,188,412,789,494,285,358,72,294,296,255,26,174,688,121,742,1296,666,819,1599,246,243,285,303,329,451,765,267,308,464,389,575,157,305,682,2498,741,7576,314,517,124,190,388,483,
2/10,499,457,334,627,407,1049,228,28,1001,365,449,185,409,702,515,255,329,81,364,276,288,25,151,562,101,585,1128,639,816,1215,500,292,305,280,265,451,520,737,360,447,364,580,160,288,890,1601,792,6011,315,520,127,217,415,487,
2/11,490,653,326,802,407,705,228,35,840,377,451,244,402,625,509,255,358,146,443,296,326,25,185,527,101,606,1025,627,770,965,422,284,350,254,318,512,602,1111,341,447,341,582,165,273,432,839,767,4021,298,429,127,282,433,458,
2/12,499,827,304,699,407,492,202,30,655,310,450,238,419,885,509,285,464,211,448,289,364,26,245,480,117,606,924,602,777,766,385,220,374,254,310,631,578,422,491,493,326,527,171,258,383,702,757,2483,298,382,121,336,501,446,
2/13,470,944,290,683,340,475,199,28,556,339,449,241,446,923,540,304,1053,455,406,269,335,24,297,446,121,566,1068,595,769,644,1063,190,369,303,359,630,571,384,567,481,333,502,169,247,354,595,780,1700,255,435,118,343,547,418,
2/14,578,999,285,741,306,492,228,26,556,1288,446,338,1428,923,540,364,1488,711,424,282,276,26,327,429,127,575,1025,583,825,579,2908,190,356,381,370,565,716,372,359,456,355,534,174,237,353,573,800,1328,252,2270,118,307,569,404,
2/15,529,999,278,572,317,410,248,28,581,996,629,822,5382,808,547,371,2967,345,403,282,259,26,327,418,138,534,1090,710,800,571,1229,190,340,409,311,888,605,363,371,451,382,600,174,228,362,562,844,1193,252,3780,108,282,549,400,
2/16,509,878,301,524,351,410,260,30,531,656,883,533,5479,712,916,364,2416,288,406,302,234,26,327,401,144,537,1156,769,741,630,948,259,378,418,578,1234,455,438,350,438,382,615,174,225,393,556,1038,1102,207,1560,122,265,487,393,
2/17,450,583,295,484,272,262,267,28,457,595,1434,507,5090,625,660,498,2735,219,402,302,230,26,299,381,165,537,1243,781,679,949,680,267,403,402,922,944,472,429,358,414,428,595,186,324,362,545,1233,1177,191,1200,146,236,395,376,
2/18,490,528,318,446,272,210,273,26,470,468,3696,520,2214,629,509,474,5073,200,375,337,248,25,319,391,171,542,1156,804,669,709,551,262,428,342,780,895,436,458,390,424,471,609,181,301,334,545,972,1268,191,834,159,219,384,369,
2/19,480,484,435,417,272,197,273,27,544,481,3573,580,1830,622,404,443,7054,196,364,330,308,26,317,552,185,561,2562,769,645,654,564,286,458,329,580,746,430,373,393,426,573,696,181,279,307,563,834,1111,184,653,150,190,414,361,
2/20,460,460,523,401,317,328,242,45,754,473,2336,507,1670,613,388,431,4221,168,331,337,376,26,380,662,193,706,1809,745,598,589,551,310,483,312,529,763,395,353,375,426,544,700,186,254,294,556,690,1304,180,586,150,190,427,380,
2/21,441,425,567,446,283,475,220,62,754,469,1789,449,1690,606,361,425,1811,159,345,302,305,26,554,552,203,814,1368,674,598,567,538,328,508,308,478,748,381,323,380,473,486,575,178,241,288,483,643,3524,184,529,143,190,433,389,
2/22,421,418,523,446,283,442,300,115,729,457,1530,405,1730,622,353,419,1434,143,346,417,290,26,645,444,217,910,1089,674,591,482,500,300,524,293,488,698,434,330,383,545,471,544,164,231,289,462,664,2091,207,471,149,194,387,430,
2/23,352,453,464,338,249,377,248,136,729,452,1197,443,1532,632,335,419,1334,142,375,713,301,25,671,481,217,1017,915,615,619,532,500,292,601,325,501,636,410,298,379,976,496,538,171,241,324,421,697,1526,321,408,150,260,359,454,
2/24,368,418,464,398,306,254,215,167,704,437,1027,443,1146,638,273,419,1401,152,346,733,305,26,659,634,216,1137,1025,563,595,591,474,320,711,315,505,482,350,316,491,932,660,527,164,215,344,380,705,2307,283,357,153,228,343,475,
2/25,378,394,435,494,249,393,209,176,729,428,812,411,991,683,282,419,1459,157,420,659,359,26,624,472,224,1173,938,543,598,590,538,292,795,342,631,531,350,388,484,790,704,548,210,186,355,352,793,2785,237,357,159,207,335,476,
2/26,395,334,407,446,289,574,199,136,729,428,781,379,890,837,335,449,1469,157,468,639,385,28,631,390,346,1053,796,536,526,521,474,291,863,332,863,469,374,370,582,728,682,521,220,182,405,318,1014,1161,199,427,165,204,328,458,
2/27,423,289,435,542,351,655,215,101,680,419,860,356,827,923,390,467,1517,162,555,599,432,33,645,453,355,1067,752,527,483,520,1217,291,851,324,704,394,1987,375,592,670,784,514,245,190,625,290,892,816,183,593,185,190,324,459,
2/28,480,256,435,956,351,737,220,88,507,428,853,333,800,846,431,463,1585,146,625,551,535,35,695,409,392,1070,621,517,418,639,769,285,806,332,609,536,4535,402,628,626,817,514,196,224,701,275,862,671,153,657,197,190,313,434,
2/29,,,381,,,,235,,,,1024,,,,467,,,,628,,,,688,,,,528,,,,744,,,,799,,,,725,,,,178,,,,892,,,,209,,,,
3/1,538,261,416,727,540,706,338,112,585,388,775,323,769,1727,519,475,1706,156,755,562,549,107,606,378,328,849,546,485,449,683,556,234,663,296,452,605,1794,326,651,571,610,527,185,251,941,262,942,570,195,637,249,185,303,410,
3/2,572,263,507,636,1374,706,382,96,743,436,782,320,812,1727,520,533,1587,156,680,642,481,130,520,412,350,807,587,485,546,743,513,230,608,288,361,535,1241,327,602,930,530,575,170,343,615,249,995,586,352,616,258,193,293,393,
3/3,549,303,740,590,916,629,331,101,979,436,874,301,793,1260,518,494,1490,157,618,656,557,382,496,541,429,870,710,484,589,800,492,234,490,281,337,546,1246,386,614,2039,511,771,164,357,556,250,1133,578,428,561,242,200,290,365,
3/4,538,316,968,636,698,590,234,101,1204,469,869,297,793,953,544,475,1510,220,581,642,687,789,496,550,463,934,906,468,584,697,556,286,472,274,319,548,1072,435,555,1233,518,702,187,516,543,238,1853,656,352,1950,255,189,337,366,
3/5,516,276,978,772,641,667,242,106,1778,491,872,267,774,873,555,443,1549,269,581,749,598,4133,474,532,549,804,981,483,488,583,609,351,490,277,321,463,924,494,490,906,518,618,370,409,537,237,3451,698,289,794,276,197,418,520,
3/6,549,244,1055,802,610,641,241,77,1834,600,957,263,698,784,571,408,1598,685,620,1171,545,1277,457,661,599,718,763,482,549,513,524,385,609,284,320,539,910,545,470,799,479,706,365,423,615,234,2219,749,290,1080,293,231,427,473,
3/7,549,240,1138,636,621,693,263,77,1046,796,953,261,642,794,611,419,1607,519,593,1941,472,797,442,748,549,682,711,486,536,476,492,504,678,281,477,472,878,597,527,726,471,790,357,411,983,232,1349,780,294,1470,341,258,380,418,
3/8,560,303,1197,397,602,731,270,77,900,971,782,260,623,834,614,418,4134,438,671,2837,453,659,421,824,471,629,715,539,435,476,460,569,683,277,851,789,807,607,522,636,428,886,284,419,612,232,1194,749,349,977,322,280,336,394,
3/9,560,276,1312,403,553,629,312,75,799,1091,722,281,554,843,713,418,5389,375,656,3145,445,537,434,816,429,1411,927,596,475,463,460,573,675,261,957,1001,794,600,545,591,428,771,260,437,525,232,1143,788,451,815,287,275,327,385,
3/10,538,316,1371,406,534,629,318,79,821,1167,718,315,822,873,730,447,2359,329,574,1812,497,488,430,790,506,4933,1303,629,587,439,385,516,498,299,1119,1218,787,587,679,567,421,854,279,458,483,238,1133,936,494,713,258,258,316,1618,
3/11,549,316,1255,442,522,552,343,77,799,1276,698,329,1255,982,830,466,2061,311,540,1613,489,431,457,824,513,5760,1314,976,678,445,427,417,451,369,1227,1511,671,666,738,554,406,902,277,506,437,271,1194,850,558,611,236,243,300,6243,
3/12,527,368,1198,453,533,590,375,78,664,1374,671,415,1019,1201,786,478,1471,275,497,1404,449,390,474,833,477,2504,1283,968,675,443,577,386,500,507,1244,1585,601,834,794,516,478,864,281,561,370,305,1261,1159,635,554,261,234,293,3570,
3/13,538,395,1119,472,564,552,338,94,551,1254,699,516,840,1508,786,490,1386,291,430,1298,426,390,507,873,471,1612,1133,968,678,464,684,436,577,652,1229,1800,605,877,1285,496,574,853,294,679,352,298,1545,1371,786,477,277,221,305,2223,
3/14,717,368,1138,457,695,513,356,100,506,1113,694,522,793,2550,1093,506,1128,428,415,1119,417,358,529,959,477,1517,808,967,652,574,844,504,491,767,1361,1505,670,972,1034,511,586,808,303,911,346,307,1402,1439,2026,439,303,221,360,1555,
3/15,897,395,1230,431,793,513,414,97,574,1102,610,443,698,1826,874,506,988,407,391,1006,414,334,537,1220,534,1411,746,1078,692,451,941,526,434,1451,1489,1183,550,1075,730,563,584,894,330,964,346,425,1158,1553,1109,427,420,226,377,3461,
3/16,807,395,1367,416,876,552,471,85,636,1036,616,403,689,1340,786,507,929,375,377,934,414,349,550,962,749,1347,752,1133,870,504,1047,578,434,845,1703,1126,610,1212,630,590,586,1981,475,991,355,503,1055,1697,890,535,477,234,456,2177,
3/17,673,447,1537,410,961,513,509,89,694,993,614,395,623,1111,741,505,941,348,372,854,477,375,522,1512,634,1368,1236,973,994,598,1122,626,381,743,1850,981,612,1313,476,666,674,2722,757,1000,429,510,1122,2082,833,631,439,234,471,1299,
3/18,661,447,1594,401,836,513,553,77,803,905,630,355,623,982,700,504,863,353,372,861,598,358,460,2079,571,1443,1421,1023,1202,785,1176,849,397,576,1978,808,540,1451,530,758,763,1230,650,791,480,571,1189,2190,696,701,395,270,470,1143,
3/19,549,526,1533,397,725,449,503,76,1074,753,617,382,566,791,700,504,882,417,416,1025,647,358,438,3015,542,1708,1648,1078,1258,787,1346,1122,404,537,2082,1025,542,1322,624,915,851,1058,480,812,495,565,1247,2095,589,726,359,477,473,961,
3/20,502,605,1548,412,745,513,464,76,1129,611,701,656,576,719,786,504,944,340,436,1523,765,358,421,1338,563,2037,1864,1521,1429,778,1145,1292,518,490,2243,1146,551,1239,734,1057,973,990,394,988,496,533,1297,2070,545,792,318,754,534,1124,
3/21,574,710,1594,416,778,513,451,77,1183,556,623,610,547,705,1046,564,1069,311,751,1113,893,342,421,1340,499,1941,1843,1455,1485,652,841,1374,618,587,2456,993,618,1092,685,1384,940,966,632,1084,498,522,1385,2351,692,796,290,516,479,946,
3/22,686,833,1367,453,801,513,445,100,1502,415,622,656,604,724,1045,564,1177,298,643,1026,1007,278,438,1451,488,1612,1761,1137,1537,649,839,1432,683,751,2781,1587,548,769,686,1409,900,896,911,883,499,531,1245,3302,3078,771,276,440,499,889,
3/23,854,855,1084,477,858,488,462,160,1234,447,580,690,538,754,1047,565,1223,285,638,1219,974,262,409,1522,442,1347,1297,1468,1883,728,898,1386,735,919,2734,1447,612,744,847,1091,864,814,747,815,499,573,1153,2082,5503,745,285,364,938,759,
3/24,866,767,969,528,927,513,468,233,1017,415,569,643,613,695,1131,668,1296,268,724,1132,1051,455,388,1551,392,1217,1133,1736,2927,764,901,1430,726,863,2363,1148,808,824,896,1022,867,820,673,678,527,518,1035,1518,1819,709,280,306,1218,679,
3/25,1099,1432,910,564,984,1219,463,329,912,491,519,565,642,695,1130,686,1297,282,785,1319,1148,455,396,1600,354,1114,968,2129,2769,843,843,1540,622,754,2095,920,1409,1026,937,975,908,823,625,730,587,483,1073,1394,1326,650,360,265,1404,584,
3/26,1121,2368,969,569,1225,1283,463,244,1013,611,541,1025,642,675,1220,619,1265,285,1039,1270,1228,366,434,1435,364,955,989,2511,2283,1063,1025,1562,571,1012,1883,986,1125,1169,937,988,843,784,618,889,620,429,1334,1379,910,617,373,253,1773,535,
3/27,1099,1724,746,584,1076,898,442,174,1148,862,540,776,680,705,1655,619,1476,272,1231,983,1170,342,464,1309,449,965,1092,2558,1808,1107,1346,1615,467,1044,1348,1128,1009,1070,937,984,794,826,586,712,608,429,1423,1348,711,662,366,265,1868,506,
3/28,1041,1342,678,593,916,783,369,160,1288,927,457,697,717,665,1484,619,1736,295,1280,1046,1130,399,584,1057,485,884,1147,2448,1560,1060,1154,1805,647,863,1294,1255,1033,972,817,1074,800,814,543,776,569,661,1335,1302,841,936,315,309,1748,480,
3/29,942,1079,564,579,1019,620,362,174,1562,905,622,596,680,628,1310,565,1996,310,1039,2272,909,496,678,933,563,965,927,2271,1266,937,1122,1883,961,817,1562,983,965,827,762,1331,922,832,472,858,573,756,1076,1270,902,772,293,426,1435,651,
3/30,874,1053,549,528,984,641,375,180,1845,775,701,690,689,705,1136,594,2433,348,949,1465,814,602,739,887,620,1004,831,2233,1109,867,1165,1959,1260,1029,1721,904,892,734,784,1207,1067,947,565,946,581,875,928,1395,971,680,287,526,1302,561,
3/31,740,1421,553,468,1076,731,429,160,2504,687,862,564,661,863,1049,701,2691,386,859,1322,844,675,658,1039,783,1002,927,2070,922,826,1005,2178,1421,1425,1723,898,954,794,609,1207,1390,1768,823,1290,570,909,914,1659,1147,683,331,600,1252,526,
4/1,625,1064,566,312,1158,625,437,116,1944,647,689,544,717,771,974,773,2918,456,758,1490,885,937,771,1242,780,1066,1201,1474,812,641,805,2277,1578,1434,1416,954,799,960,565,1318,864,2214,1127,1461,560,811,1263,1510,1298,771,446,686,1229,487,
4/2,694,855,603,272,1341,583,543,114,1467,629,667,492,707,848,830,1099,2507,612,787,1561,1182,790,832,1477,986,1215,1204,1275,862,592,1017,1897,1886,1324,1370,954,744,1120,546,1380,774,2710,815,1144,551,634,1620,1635,1462,1041,618,798,1277,529,
4/3,709,812,702,264,976,505,470,114,1139,657,691,464,727,1162,801,1335,1995,809,894,1035,1288,766,948,1369,941,1228,994,1084,816,529,1500,1293,2121,1061,1476,945,2077,1276,585,1280,726,2312,764,1176,538,533,1965,1855,1554,1220,484,899,1778,633,
4/4,773,1130,906,246,826,483,417,123,987,658,662,531,727,982,801,1528,1710,678,959,1152,1355,808,1301,1309,895,1370,900,890,732,469,1930,1051,2637,834,1688,894,2425,1307,743,1185,687,2154,802,1169,530,459,2232,2121,1621,1132,446,1050,1764,739,
4/5,1035,1327,1135,216,815,480,391,123,933,790,688,570,747,786,971,1591,1546,640,1042,1374,1321,1193,1222,1369,848,1545,956,889,690,489,2092,845,2700,725,2418,845,1535,1395,736,1147,668,2238,827,1330,580,450,2317,2061,1721,1042,447,1117,1717,808,
4/6,1122,1382,1070,356,847,458,411,183,922,1230,692,750,747,711,908,1801,1517,747,1116,1851,1277,1433,1120,1105,732,1761,1219,879,649,521,2040,783,2413,743,2523,1397,1077,1803,797,1147,646,2479,876,1221,540,470,2678,2394,1912,952,691,1075,1869,519,
4/7,1356,1108,954,709,826,424,424,438,868,1113,672,869,638,571,970,2023,1479,812,1435,2369,1253,1247,1092,880,581,1535,1500,760,607,521,2040,706,2327,825,2158,1708,1167,2061,837,1175,726,2100,618,1165,699,485,2929,2612,5137,953,634,1095,2019,483,
4/8,1323,987,845,852,1019,488,488,625,814,1081,699,896,589,561,1144,2368,1459,871,1410,2720,1239,1131,1183,900,602,1586,1987,898,592,557,2203,706,2649,1101,2242,1336,1156,1969,622,1284,835,1837,574,1307,934,505,2934,2949,13548,1397,615,1150,2491,576,
4/9,1228,921,842,1141,1126,488,495,758,840,1071,700,943,527,651,1232,2722,1440,1038,1448,3082,1159,1055,1250,1203,563,1311,2259,849,584,555,2042,628,2680,1340,2372,1145,1069,1830,560,1207,1043,1607,575,1480,1103,515,3390,2048,6437,1850,869,1200,2822,808,
4/10,1419,1119,792,2049,912,456,531,640,846,1071,930,1121,689,701,971,2819,1627,1114,1482,3160,1249,1109,1309,1262,585,1233,2071,806,521,532,1828,619,2529,1610,2530,1018,1018,1750,683,1104,1214,1521,674,1157,1271,535,2595,1655,4953,2030,945,1241,2481,1137,
4/11,1764,1261,787,1477,826,530,513,605,1298,1003,973,1094,4829,733,1495,2822,1865,1206,1944,3241,1426,921,1367,1272,570,1164,1846,760,580,542,1935,619,2696,1643,2374,1138,851,1536,996,979,1104,1352,680,1250,1332,599,2525,1481,3991,1490,889,1330,2007,1798,
4/12,1620,1305,794,1326,826,890,476,497,1459,986,1084,1028,10928,841,1234,2800,2262,1346,2054,3365,1697,790,1312,1203,537,1421,1697,721,690,532,2152,586,3020,1658,2582,1392,1016,1327,1288,920,1082,1275,865,1717,1487,675,2501,1386,3179,1300,890,1420,1734,2267,
4/13,1419,1612,863,1269,944,604,451,576,1912,1064,1240,985,5077,871,1234,3202,1894,1441,2098,2798,1919,728,1482,1135,637,1926,1472,806,659,753,3772,633,3402,1643,2328,1395,1069,958,1620,1044,980,1276,778,1854,1895,740,2413,1381,2498,1030,1248,1511,1349,2092,
4/14,1154,1415,837,1128,1158,530,466,665,1859,1542,1633,1235,3342,791,1585,3654,1565,1517,1700,2974,2318,790,1629,1076,781,1792,1565,956,649,1134,2644,725,4040,1551,1917,1230,1511,1038,2007,1354,900,1177,763,2118,1816,797,2144,1853,2023,1210,1060,1430,1203,1761,
4/15,937,1415,852,887,1630,589,466,632,1692,1750,1767,1367,3101,607,2079,4164,1314,1615,1622,3319,2549,969,1626,1135,1020,1401,1950,1299,575,1241,1798,907,4186,1400,1667,1263,1566,920,1949,1267,864,1149,703,2212,1975,722,1715,1565,2065,1650,975,1140,1147,1513,
4/16,852,1744,1134,722,1577,551,437,612,1454,1982,1972,1753,2338,517,2476,4032,1198,1752,1434,3605,2559,813,1286,1311,1490,1339,2671,1653,502,1404,1477,1025,2627,1202,1291,1703,1514,825,1562,1018,946,1266,933,1945,2088,625,1637,1324,2164,1710,1150,926,1158,1798,
4/17,800,1908,1100,812,1813,509,409,1122,1269,1823,2382,1883,2063,547,2843,3125,1092,2004,1289,3293,2326,697,1544,1223,2106,1205,2025,2051,576,1670,1304,1284,1879,1150,1087,2203,1241,934,1562,967,1220,1934,1116,1456,2200,560,1869,1765,1991,1440,1245,848,1378,1962,
4/18,799,1353,947,979,2158,491,409,1175,1157,1505,2846,1887,1935,599,2498,2619,1188,2144,1274,3482,1601,649,2555,1174,2681,1020,1753,2300,590,2197,1197,1467,1468,1030,1039,2385,982,864,1892,1181,1303,2771,1313,1049,2490,550,2551,3100,1796,1540,1630,832,1343,1788,
4/19,783,1119,853,820,1873,551,467,1057,1200,1289,3077,1826,1876,669,2324,1891,1118,1602,1236,3742,1465,628,2245,1014,3470,958,1453,3001,700,2395,1153,1681,1264,1023,1032,2016,1232,746,1837,1613,1735,2934,1398,1114,3047,575,3100,3742,1558,2260,1460,1090,1273,1460,
4/20,741,1042,763,669,1502,678,583,782,1264,1134,3499,1601,2298,827,1962,1671,1181,1320,1158,4081,1749,629,2045,1222,3431,937,1219,3900,1280,2575,1283,1515,1186,1085,926,1510,1573,725,1561,2466,2299,3134,1765,1292,2892,605,3364,2307,1208,2630,1229,1410,1202,1245,
4/21,656,910,680,852,1308,753,805,758,1263,1072,3299,1468,2456,893,1501,1454,2120,1140,1124,3952,1824,658,2236,1418,3529,803,825,4205,1807,2607,1433,1325,1046,1141,887,1404,1975,728,1285,3172,2008,2684,2739,1637,2223,630,3653,2094,1308,2640,1060,1543,1190,1407,
4/22,603,768,738,960,1609,804,946,820,1155,1290,2508,1687,2672,896,1228,1309,3131,1574,1013,3337,1516,681,2216,2010,2809,972,1144,4640,2762,2413,1610,1339,1278,972,880,1575,2167,991,1171,3873,1603,2209,3788,2244,2068,670,3100,2207,1803,2410,974,1570,1411,1836,
4/23,603,724,849,1078,1897,1251,1054,791,991,1285,2006,2775,2858,1262,1496,1236,4154,1861,924,2213,1618,877,1495,1927,2359,1051,1565,3949,2980,1636,1639,1520,1460,949,1136,1450,2058,989,1116,4232,1242,1942,4285,2943,1837,700,2549,2775,2753,2520,1480,1384,1383,2582,
4/24,582,614,1094,2318,1823,1283,1220,832,1028,1211,1866,3657,3143,1162,1943,1381,3350,2002,880,1893,1594,982,1639,1702,1956,1187,2078,2864,2669,1420,1747,1954,1937,1245,1231,1384,1947,981,1060,3855,1205,1592,4694,3030,1450,735,2081,2887,3335,3090,1970,1433,1388,3123,
4/25,766,603,909,2739,1524,1155,1395,1000,2282,1074,1979,4074,2976,1122,2305,1598,2908,2039,1053,1588,1497,997,2060,1467,1363,1614,2787,2586,1958,1619,2070,2635,2351,1246,1658,1292,2375,1348,1155,3160,1554,1423,4854,2942,1388,896,1636,2433,3985,3970,2400,1550,1402,3241,
4/26,941,603,1022,3138,1204,848,1357,926,2137,1291,2235,3540,2927,1022,1857,1453,2667,2388,1140,1419,1835,876,2410,1663,1102,2234,3946,2882,1967,1938,2771,3080,2800,1158,2663,1574,2758,1586,1564,2104,2060,1340,4297,2604,1600,1068,1543,2312,4411,5060,2750,1480,1462,3386,
4/27,897,625,1309,3732,1124,700,1049,916,1768,1897,2861,2696,2888,952,1494,1163,2512,2595,1443,1223,2439,809,2620,2210,996,2440,4312,3949,2364,2392,3636,3362,2122,1071,3281,2075,3589,1937,2446,1924,2553,1339,4737,3043,1387,1244,1461,2965,4711,5360,2850,1160,1608,3487,
4/28,718,853,2216,4316,1046,742,746,1009,1677,2226,3390,2326,3163,902,1227,1415,3140,2690,1304,1184,2724,969,2822,2670,936,2637,4002,4551,2876,1870,3801,3303,1731,1240,3673,2017,4516,2669,3271,1950,2632,1680,2884,3404,1263,1490,1431,3139,4829,5350,2960,850,1628,4097,
4/29,711,996,2274,3926,1048,806,798,1087,1619,2241,3438,2671,3821,1132,1082,1890,3478,2986,1283,1262,2898,1154,3186,2778,886,3633,4555,4156,3295,1410,2854,3015,1443,1127,3385,1707,5177,3265,3491,1996,1932,1846,2746,3673,1194,1515,1467,2691,3683,4847,3760,931,1528,4868,
4/30,742,1378,2075,3270,1435,922,1008,1152,1637,2874,3295,4090,3458,1012,999,2381,3459,2966,1346,1262,2261,1578,3185,3306,967,5905,4780,3415,3713,1260,2971,3504,1293,960,3092,2208,5403,3265,3043,2006,1421,1591,3087,4054,1454,1554,1494,2879,2616,4701,4470,1340,1464,5590,
5/1,981,1711,2019,2326,2115,955,1524,1206,1516,2818,3627,5058,3950,957,1337,2892,3743,2711,1418,1309,1726,1907,2757,3946,928,6649,5344,3263,4366,1355,3943,4209,1150,800,3429,2391,5286,3254,2173,2200,1204,1683,3264,4180,1762,1564,1597,3402,2118,4070,4360,2520,1628,5667,
5/2,1137,2141,2640,2308,2648,921,2120,1082,1374,2495,4082,5221,4455,916,1548,3875,3555,1809,1095,1531,1516,1377,2288,4269,1065,5727,5485,3014,4194,1679,4474,3912,1201,915,4388,2182,5398,3097,2108,4811,1220,1798,4047,3545,1935,1532,1783,4469,1723,3260,3500,2860,1840,4922,
5/3,1591,1724,2800,2615,3232,1573,2072,834,1789,2489,4681,4577,4848,997,1640,4257,3991,1439,1023,2205,2030,1026,2254,4418,1410,3551,4661,3387,3948,1429,4795,2458,1461,1026,5217,2618,5223,2130,2368,4977,1555,2128,3285,3193,2663,1497,2179,5606,1790,3400,3020,2540,1959,3690,
5/4,2317,1514,2802,2727,3876,1395,2145,690,2547,3379,4730,3569,5686,1268,2639,4046,3376,1662,1098,3254,2209,878,2212,3773,1866,3130,4048,3732,3707,1167,4756,2143,1970,1175,5508,2948,4800,1814,2261,4657,1765,2921,3770,3613,2600,1395,2564,6595,2094,3910,2750,2300,2114,2796,
5/5,2700,1387,2389,2166,3571,1128,2307,551,2920,4358,4899,2925,5856,1208,2762,3484,2892,2326,986,4163,2428,994,2195,3014,2462,2673,4089,4239,3277,1424,4455,2556,2646,1105,4984,3612,4670,1490,2006,3007,3061,3636,2640,3057,2567,1225,2472,7147,2820,4310,2602,2650,2298,2200,
5/6,2698,1457,2549,1701,4219,934,1952,451,2849,3856,5015,2361,5413,983,2464,3815,2545,2876,910,4888,2721,1640,2338,2885,2363,2164,4169,4746,2670,2450,3946,3448,2813,1075,4392,2541,4858,1170,2614,3228,2982,4698,2509,2391,2391,1050,2284,11080,3190,4570,2720,3350,2673,1940,
5/7,2097,1586,2700,1691,4870,841,1722,417,2576,3064,5175,2211,5274,906,2567,3845,2177,2637,846,5126,2838,2646,2745,2899,2042,1868,4259,5090,2369,3582,4738,4293,3654,1125,3777,1955,5366,1295,3700,3444,3772,5442,2278,2168,1949,1019,2303,6771,3845,4860,2810,3560,3195,1762,
5/8,1975,1378,2342,2650,5525,1266,1576,456,2411,2403,5293,2213,5654,1017,3295,3193,1658,2529,792,5275,2736,3346,3293,2974,1805,1899,4169,5042,2317,3941,6090,5352,3583,1105,3385,2170,6084,1703,3014,3993,3234,5404,2239,1923,1338,1070,2106,4756,4408,5530,3020,3150,3138,1677,
5/9,1925,1041,2223,3658,6261,1721,1947,630,3014,1940,4358,2388,4790,1329,4240,2891,1728,2715,738,5328,2357,3456,3310,3192,1646,2236,3556,5683,2426,3778,4609,5408,3492,945,3567,3634,6262,2557,3004,4389,3108,4455,2280,1940,1268,1364,3102,4947,5126,5890,3420,2640,2371,1726,
5/10,1884,1863,2071,4497,6436,2045,2163,556,3587,1612,3839,3192,3850,1701,5182,2422,1986,3019,840,5451,2171,2478,2645,3728,2053,2501,4169,6487,2419,3319,3414,5130,2963,973,3692,2380,6600,3030,3077,4772,2672,2874,3074,2101,1364,1665,3552,5603,5565,5460,3920,2390,1630,1869,
5/11,2188,2824,2588,5189,5756,2681,2417,456,3678,1402,2786,3814,2693,1611,5731,1853,2363,3529,1219,4061,1964,1803,2475,5165,3070,2930,5606,6784,2269,3721,2480,5158,2348,1122,2680,1901,7032,3529,3662,5100,1887,2400,3377,2852,1450,1785,5047,6360,4825,4510,3840,2300,1350,2022,
5/12,1601,3290,2967,5976,5967,3017,2736,459,3748,2388,2067,3873,2225,1138,6387,1514,2641,3313,2225,3601,1601,1371,2596,5196,3843,3012,6590,7156,2078,5264,2011,5171,2796,1526,2416,2066,7181,3602,3508,5264,1500,2534,3218,3325,1260,1653,5244,8118,3793,4590,3140,2410,1087,2612,
5/13,1692,3231,3594,6538,6147,3542,3190,511,4367,3024,1871,3896,2298,1168,7530,1979,3267,3725,3160,2446,1524,1424,2472,4493,4162,2358,7072,7358,1933,5621,1966,4433,3157,2287,2516,2710,7792,3230,2794,5283,1144,4176,3420,3913,1363,1437,6063,5783,2750,5560,2290,2500,1111,3825,
5/14,2611,4026,4222,6446,5167,4195,3479,598,5852,4060,1947,4351,2955,1447,7818,2774,4061,3068,3386,2149,1594,1837,2167,4140,4031,1993,6992,7626,1512,4005,1967,3677,3949,3206,3037,3852,8406,3178,3086,4942,1387,5381,3448,3650,1600,1163,5898,4294,2386,6190,1820,2520,1269,5193,
5/15,4093,4697,4298,6830,5630,5135,3469,698,6547,4957,1838,3460,3134,1800,6817,3273,4250,2990,3435,1964,1585,1671,2109,4134,3886,1878,8881,7501,1407,3192,1864,4067,4367,3414,3105,4881,8791,3231,5377,5301,2191,5328,3213,3300,2336,1112,4932,3926,2769,6060,1420,2470,1968,6040,
5/16,4972,4400,4174,7100,5173,5204,3233,892,5732,5398,1898,2420,3615,2188,4992,3547,4528,2872,3896,1989,1538,2083,2043,4323,3072,1776,15319,7463,1633,2992,1800,4908,4629,3494,2951,12315,9315,3260,6860,6846,2669,3912,3027,3197,3090,1090,4490,3401,3003,5460,1690,2200,3232,6837,
5/17,5764,3360,3756,7923,4363,5629,2919,804,3898,6176,2557,1802,4527,2367,3239,3564,4845,3669,3337,2359,1507,3082,1942,4841,2049,1674,6449,7013,1539,3695,1665,5366,5304,3595,3211,7319,9604,3469,6805,7232,3790,2868,3178,2624,3020,1107,4420,3159,2830,4170,2170,1973,3638,7517,
5/18,5744,2487,3083,8562,3209,6470,2741,670,3705,6791,3327,1672,5370,2474,3389,3745,5381,2825,2836,3292,1343,2656,1956,6307,1739,2675,5424,6698,1460,5061,2234,4600,5820,3615,2889,7006,9730,3337,6864,7408,3622,2528,2789,2136,2750,1142,4759,2961,2680,3120,2580,1956,3448,7970,
5/19,5541,3270,2711,8711,2294,6549,2200,557,4597,7268,4732,1904,5395,3042,4412,4186,6196,2143,2277,3780,1215,1684,1622,7120,1649,3321,3687,5932,1678,4817,3439,3610,5540,3926,2526,7786,10312,3120,6552,7063,2772,2173,2314,1880,2355,995,5423,3019,3220,2590,3440,1940,3422,8102,
5/20,4379,3677,1980,7752,2025,6826,1959,684,5011,7676,6041,1817,5257,3827,6186,4357,7467,1980,2463,3465,1135,1492,1452,6298,1578,4483,2863,5463,2586,5290,4857,3845,4364,4549,2200,8395,10024,3074,5932,6894,3214,1994,2341,1942,1982,914,4089,4207,3430,2465,2320,1860,3627,8786,
5/21,4187,3578,1619,6241,1731,4502,1791,940,5518,8038,6728,1464,5756,4495,7900,3755,6196,1764,2767,3802,1080,1488,1116,6954,1616,5269,3215,5549,2220,5876,6015,4080,2957,5623,2034,8480,7833,2906,5067,6724,4703,2349,2464,2132,1830,964,2552,5322,3335,2274,1920,1470,3145,9989,
5/22,4812,2934,1270,6129,1908,2948,1552,1124,6351,8951,7768,1379,6603,5828,7682,3544,5451,1529,3072,3726,989,1734,976,6484,1720,5554,2863,5169,1839,6882,6743,4355,2309,6600,1860,8683,6014,2604,3334,6474,3767,2968,2471,2329,1820,1454,2163,6788,3295,2121,1978,1200,2657,11018,
5/23,5470,2931,1580,5934,2348,3107,1323,1638,6813,7531,7614,1649,7238,6990,7947,3574,4399,1346,2777,3447,1234,2374,1071,6311,2000,4666,2602,4420,2420,7967,6701,4089,2028,7812,1998,9135,4414,1990,2379,5756,2667,3447,2335,2134,1640,1675,2085,8039,3486,1809,1946,1010,2461,11174,
5/24,5308,3766,2525,6067,3171,4323,1214,1419,4759,7030,5075,2010,7911,8001,8425,4006,4279,1211,2915,3076,1283,4048,1105,6955,2388,4104,2250,3639,2425,7739,6490,3720,2175,7511,2077,9173,4606,1943,1957,5566,2325,3310,1842,1590,1637,1700,2028,9298,3976,1770,1783,954,2563,10659,
5/25,5176,4252,3302,5567,4627,5342,1425,1191,3108,6754,3260,3108,8268,8470,8494,4206,5342,1140,2708,2097,1218,4905,1146,7070,2599,3315,2130,2983,3361,7835,6712,3464,2789,8355,2001,9698,5382,1911,1904,5121,1954,2718,1656,1474,2101,1763,2000,9060,4084,1960,1920,993,2896,9618,
5/26,5602,4440,3821,4882,6045,7024,1469,1018,2885,6946,2431,3201,8972,9810,7380,3775,7112,1014,2473,2415,1235,5135,1065,6690,2823,3130,2451,2545,2890,8251,5946,3234,3694,7602,1923,10296,6391,2023,1876,4698,1494,2739,1143,1480,2702,1784,2384,8349,3607,2480,2410,1029,2985,8782,
5/27,5227,3409,4865,4567,7806,6767,1556,711,3089,8033,2121,3391,9160,10526,6807,3484,7977,901,2208,2767,1150,4431,1065,4969,3181,4021,3215,2708,2298,7004,6397,2660,4085,8084,2468,10649,5579,2269,1814,4380,1658,2632,1113,1540,2893,1827,3287,7727,2926,2380,3190,1061,3204,7878,
5/28,4893,2765,5077,5735,8859,6668,1477,896,4377,7671,1868,3613,9616,10899,7204,3132,8101,872,1995,3160,1726,3846,1377,4385,3027,5048,2813,3856,2142,7804,7224,2296,4558,9382,4350,10147,3663,2371,1776,4625,1738,3616,1110,1650,2529,1836,3467,7898,2493,1911,3300,1151,2773,8069,
5/29,4741,2260,5093,7766,8199,6668,1310,1067,5787,7130,1621,3804,7032,11401,7732,2540,9502,1039,2287,2793,1998,4117,1758,3934,2843,5748,3195,5741,2306,7607,6365,2110,4907,10845,3874,8794,3219,2279,1630,4870,1739,4119,1072,1850,2160,1629,3285,8166,2983,2310,2930,1290,2297,8270,
5/30,5004,2141,5233,7114,7373,6579,1064,1364,7216,6029,2204,4119,5697,11657,7989,1987,9929,1049,2031,2018,1500,3537,1409,3988,3053,6644,3355,6698,2307,6506,5493,2152,5927,9610,2638,6209,3790,2214,1532,4221,1983,3401,1123,1983,1766,1696,4312,8614,3552,3290,2650,1270,1878,8657,
5/31,5490,1566,5236,9144,6284,7064,967,1703,7716,5331,2398,4494,5750,10402,7207,1897,10346,1284,1795,1731,1343,2986,1350,4834,4045,7090,3725,7626,2555,6271,4608,2242,6162,8746,2819,7519,5304,1908,2007,4295,2775,2579,1260,1950,1509,1660,5443,9148,3643,4230,2490,1246,1576,8804,
6/1,5255,1481,4849,8217,6181,8383,979,2119,7567,4104,3012,3884,5634,9245,6990,1688,10092,1369,1553,1761,1235,2509,1220,6820,4240,8003,4768,7788,4138,6370,4259,2352,6213,7997,2824,8100,6790,1664,2674,4596,3480,2638,1171,1661,1460,1617,6401,8129,3036,4360,1700,1251,1467,8403,
6/2,5418,1632,4175,7237,5891,9940,910,2398,7450,4290,3295,3859,5128,7957,4806,1645,10688,1506,1401,2202,1090,3509,1258,4406,2590,8643,5963,7012,5819,5663,4296,2029,4836,7464,2930,7535,7746,1654,2848,4138,4767,2733,1526,1888,1453,1487,5829,7009,2668,3920,1570,1253,1305,8232,
6/3,5601,1942,3878,6296,5638,9043,849,2145,7095,4620,3034,3225,5101,6424,4203,1542,11334,1553,1681,2462,1329,4768,1141,3356,2877,7612,6800,6116,4986,3623,4296,1423,3738,7598,3222,6970,8623,1573,3324,3790,5904,2364,1300,2057,1374,1280,5776,9012,2820,4800,1530,1294,1400,8059,
6/4,5276,2659,3827,5386,5866,8383,800,1884,6892,5188,2545,3137,4168,6668,4737,1485,9347,1321,1876,3281,1678,5865,1027,3009,2350,8202,7214,6319,3999,2525,4813,1131,4278,7485,2931,6565,9135,1434,3445,3280,6363,1870,1207,1938,1297,1034,5755,10701,3120,6660,1670,1320,1421,8626,
6/5,4552,3422,2798,5540,6176,7934,718,1821,7556,5875,2205,3536,3591,7075,7521,1639,8080,1292,1748,3224,1898,6229,820,3786,2129,9803,6793,5450,4493,2205,5052,1050,4509,6702,2787,6438,9608,1076,2949,3479,9010,2250,1434,1989,1299,846,5553,10715,2967,8220,1780,1250,1493,8752,
6/6,4298,4441,3253,5570,7012,8663,615,1780,8070,6021,2421,3924,3233,8083,4222,2227,7053,1159,1416,3244,2157,4814,695,3419,1920,8170,7046,4137,5094,2946,4489,1029,4746,6284,2932,5228,10040,908,3152,2481,10519,3560,1344,1693,1325,854,5517,9446,2720,9840,1398,1060,2366,9820,
6/7,4074,5372,3801,6519,8278,8493,584,1522,8430,6369,2894,4199,2976,8472,3172,3160,6373,1164,989,3547,1679,4519,686,2515,1634,5320,7545,4302,6903,3456,4220,1004,4285,5947,2531,3972,9547,900,3586,2277,10996,3267,1039,1628,1317,877,5509,8897,2507,9890,1230,937,1912,9156,
6/8,4685,5963,4157,6711,7319,8902,544,1452,8986,4988,3747,3384,3481,8757,2729,3246,5559,1407,921,4797,1852,4305,707,2714,1345,3616,7783,4576,6601,3424,3811,857,3781,5649,2178,3730,8494,862,2942,2023,9805,3597,845,1500,1250,895,5338,8530,2392,8230,929,827,1556,7351,
6/9,5520,5664,4521,8228,6130,7256,501,1492,9131,3438,5499,3140,4394,8671,3103,3056,5222,1410,823,4124,1950,4344,786,2953,1372,2660,6517,4119,6395,3429,2750,785,3017,5844,1523,3581,7862,707,2942,2482,10924,4654,781,1633,1181,1131,4963,7669,2197,6790,598,681,1357,7156,
6/10,3648,5451,3133,6034,5880,7275,486,4140,8654,2792,6173,2676,6417,8853,3250,2696,5027,1120,707,3710,1923,4904,724,3654,1572,3297,5704,3955,6564,3804,2395,771,2281,5138,1153,4393,7182,669,3713,2562,9054,5709,646,1557,1038,1401,3853,9031,2097,6560,631,583,1393,7279,
6/11,2689,5402,2555,5256,7114,7156,414,2341,7264,3560,6204,2059,6903,9937,2926,2333,4890,951,870,3477,1796,4955,608,5186,1672,5977,5210,3380,6249,4392,2554,686,2322,4659,1191,5524,6822,715,3385,2288,6784,6114,621,1296,950,1240,2993,8599,1881,7060,646,445,1427,7730,
6/12,2536,5600,2147,5034,9201,7295,384,1711,6290,4053,5970,1520,7102,11183,2916,2353,4890,861,1004,3035,1401,4934,488,5385,1736,8201,4887,2929,6014,5287,2974,613,2369,4186,1301,5640,6346,761,2822,1879,5632,6123,558,1059,900,1133,3411,6177,1783,8420,669,380,1355,7272,
6/13,2150,6144,2513,4973,5847,6936,336,1243,6760,4436,5167,1211,6239,8175,2906,2255,5192,831,1083,3370,1225,5178,409,5231,1618,8412,5464,2983,5922,5860,3845,496,2475,3837,1827,6303,5654,742,2919,1970,3953,7604,558,985,800,1026,3049,3862,1927,9930,803,392,1265,7672,
6/14,1883,5439,2677,4579,5282,7365,300,1042,7914,5773,4431,984,5535,7814,3319,2177,6022,1094,1144,3582,1066,4255,352,5554,1301,8294,4867,2598,7003,6432,4473,438,2546,3732,1920,6949,4160,701,2987,2065,4363,8312,532,836,680,914,2822,3468,1985,9720,583,397,1101,8741,
6/15,1389,5610,2558,3204,5105,7455,402,838,7769,3746,4674,780,5671,8817,3171,1873,6295,859,1185,3349,1021,3447,280,6029,1239,8088,4641,2651,8967,6747,4473,413,2242,3732,1913,7354,4324,698,3040,1889,5833,9270,494,697,590,790,2255,5136,1866,9089,507,391,900,9931,
6/16,1791,5681,2376,1880,5045,7224,435,757,6396,2646,5617,780,7458,9979,3141,1759,5739,678,1297,3225,966,3111,262,6840,948,5830,4300,3028,9787,6354,4707,389,2148,3732,1815,6962,5564,644,2826,2107,6520,10289,487,579,494,744,2111,6710,1595,8917,518,380,836,9472,
6/17,2423,4774,2202,1779,4844,6131,458,729,5411,2037,6690,769,9026,10554,4068,1677,5563,561,1251,2961,1040,2744,236,5974,642,3894,3895,4354,9366,5901,4304,399,1874,3650,1736,4995,6511,595,2653,2195,5158,9572,450,514,420,670,2104,8777,1306,8430,638,345,630,9062,
6/18,3300,4291,2019,1718,3760,4458,476,628,5330,1629,7187,858,10662,11875,4630,1494,5339,540,1139,2520,799,2300,236,5232,631,3348,3674,4522,8564,6057,3777,381,1915,3148,1526,3503,7047,490,2332,2407,4510,8639,433,472,362,612,2294,10413,1176,8160,542,307,601,9588,
6/19,3870,4512,1937,2719,2709,3098,458,559,5870,1325,7893,926,8510,11180,3714,1421,4919,509,1129,1986,787,2226,253,5696,603,4436,3521,4240,8569,5794,3338,376,2108,2840,1359,3418,6917,477,2120,2540,4650,8448,391,465,340,539,2532,12520,971,8040,443,287,474,10061,
6/20,3941,4774,1946,3113,2890,2379,445,625,5950,1540,7494,975,7161,9508,3793,1322,4402,467,1717,1771,818,1790,272,6510,568,4949,3505,4148,8561,5475,2757,362,1917,2338,1213,3996,6544,397,1924,3066,4666,8384,373,495,305,467,2843,13110,1002,8520,413,268,421,8425,
6/21,4155,5217,1631,3346,3040,2056,421,645,5880,1918,7464,1004,6675,8264,3220,1260,3465,451,1512,1557,830,1678,286,5894,596,4578,3180,3785,8821,5027,2598,332,1730,2051,1244,5095,6246,366,2007,2682,4317,8534,340,412,285,391,3073,12435,1034,8080,481,246,384,6164,
6/22,4247,4736,1321,3477,3010,2869,324,645,5860,2087,7254,844,5763,8524,3034,1118,4177,420,1311,1638,864,1408,273,4977,596,5530,2882,2944,8554,4611,2446,340,1407,1784,1168,5190,6429,310,2063,2256,4434,10034,281,380,280,337,2664,12382,865,6610,452,234,341,5536,
6/23,3799,4300,1169,2821,3752,3681,290,580,5800,2255,6539,782,5485,10039,3161,980,4578,414,1185,1517,982,1395,264,4310,539,6705,2708,2540,7968,5319,2285,334,1324,1540,1167,5347,6554,310,1978,2139,4609,10851,249,335,270,294,2252,12682,783,5250,501,207,316,5637,
6/24,3575,4230,1025,2196,5067,3212,284,476,5730,2504,5531,760,6338,10993,3436,835,4402,393,803,1377,692,1388,380,4421,492,8660,2675,2204,7505,5163,1943,286,1359,1441,1150,5191,6380,259,1626,2083,5254,11214,223,320,245,281,2030,11125,708,5200,501,192,314,6117,
6/25,3208,3986,987,2150,2910,2652,258,643,5400,2215,5558,672,6288,9617,3270,747,4363,335,831,1266,639,1191,449,5550,473,9687,2406,2308,8240,4532,2266,281,1293,1257,1094,4601,6230,238,1602,2241,5028,9848,210,637,240,262,1871,9362,662,5380,468,187,320,6208,
6/26,3066,4754,820,2580,2298,1756,207,949,5040,2027,6177,602,5403,8957,3270,652,4490,314,1433,1157,581,1090,504,6017,440,11715,1984,2369,8096,3287,2223,244,1151,1195,987,3965,6280,240,1418,2086,4895,8098,222,1444,314,249,1758,9123,662,5000,421,168,339,6521,
6/27,4144,4798,813,3245,1635,1737,217,1023,4432,1818,5848,485,6725,9502,3014,548,4373,329,1083,1296,542,991,293,6246,407,11501,1438,2249,7553,2775,1725,174,1132,1339,936,4530,6473,203,1363,1943,5500,8016,187,939,388,242,1758,9047,651,4580,376,153,332,7113,
6/28,2878,4127,840,3454,2227,2116,187,887,3831,1649,5536,379,6842,9025,3339,562,3815,327,898,1497,477,1092,264,6637,407,11276,1251,2021,7935,2759,1937,143,1018,1558,882,4276,6625,203,1255,1782,5755,8419,204,628,366,236,1854,7170,604,4000,310,146,321,6856,
6/29,1894,3175,881,2507,2699,2718,151,1027,3162,1500,6482,351,8021,9276,3525,466,3407,298,796,1197,469,1270,252,5308,415,11031,1416,1690,8406,2848,1852,161,1008,1502,859,4558,5331,200,1179,1778,5797,9438,199,644,351,247,1827,6348,502,3210,296,144,326,6791,
6/30,1568,2427,965,2313,2769,2773,136,718,3835,1391,8169,575,6392,9538,3250,424,2694,274,663,915,438,1465,462,3882,426,10643,1900,1552,8149,2627,1546,118,1018,1326,775,5276,4819,173,1085,1764,5321,9296,185,575,314,247,1565,5457,436,3090,268,265,308,7186,
7/1,1589,2367,1012,1608,2818,2904,158,600,4593,1189,9623,607,3941,8623,2456,366,3029,246,421,716,384,1280,622,3268,392,9546,2203,1474,7478,2796,1391,167,990,1204,692,5468,4900,253,1084,1570,4818,7038,192,502,263,232,1395,6052,390,3590,226,387,290,8100,
7/2,1620,2427,949,1292,2164,2774,139,545,4861,1053,9394,539,3473,8319,2268,363,3395,201,378,674,353,1191,463,4922,328,8702,2365,1218,7644,2691,1099,150,942,941,665,5474,4881,248,854,1583,3929,7257,185,456,240,225,1238,6461,373,3840,205,409,263,8984,
7/3,1712,2298,750,1098,2052,2524,163,414,4237,974,7178,418,3713,9486,2178,380,3684,190,364,651,388,1526,369,4590,263,8260,2622,928,7711,2415,1041,178,747,872,717,4624,4151,243,795,1322,3616,7352,201,446,220,238,1133,6480,373,3570,205,338,238,9718,
7/4,1548,1999,725,1066,1852,2213,163,348,3584,993,5883,312,3521,9881,2087,379,3375,166,358,633,330,1390,300,3456,238,8229,2325,939,7279,2026,871,234,670,847,789,3928,3717,204,780,1271,2946,8182,181,413,200,223,1055,6801,359,3390,185,288,217,9377,
7/5,1887,1910,614,1014,1851,2708,171,317,3407,965,5001,285,3346,10143,1971,354,2839,158,328,651,271,1336,308,3553,222,8244,1749,1007,7219,1684,708,257,612,813,799,3843,3761,203,644,1158,2514,8864,178,382,185,204,958,6651,337,3274,180,231,201,8752,
7/6,1784,1830,561,1160,1571,2804,137,279,3960,937,4499,310,3414,11309,1890,345,2316,155,281,639,231,1206,241,3791,193,9138,1832,1153,7349,1438,631,696,544,763,799,4350,3802,185,552,1040,2684,8376,181,335,180,180,915,5836,314,3350,172,195,198,8451,
7/7,1648,1631,507,1159,1228,2685,137,221,4950,837,4106,345,4058,11530,1806,342,1817,168,270,621,245,1088,193,3843,184,10873,1804,1105,7917,1527,598,703,505,713,764,4367,3128,214,567,887,2702,8690,167,310,177,180,829,5702,278,3530,166,161,193,7773,
7/8,1548,1472,410,1045,1017,2534,122,216,4732,805,3907,349,4048,8588,1617,339,1700,158,234,592,211,976,144,3272,154,10359,1856,1097,8226,1542,502,703,437,753,682,4066,2801,190,574,711,2404,8102,160,278,160,176,741,5574,268,3120,146,134,185,7003,
7/9,1415,1333,355,993,1217,2323,84,194,4564,721,3555,332,4204,4650,1324,312,1651,134,241,507,194,820,198,2963,121,13198,1836,1105,8427,1456,467,569,408,511,496,3599,2749,148,513,677,2295,7756,164,271,150,249,592,5997,273,2745,137,118,170,6759,
7/10,1271,1243,388,930,3181,2371,86,168,5128,628,3408,258,4335,3541,1049,306,1632,124,225,480,184,688,227,2711,121,11799,1709,1220,7732,1368,530,451,369,503,455,3195,2965,125,463,618,2204,6890,146,232,140,330,529,5623,272,2850,134,119,163,6585,
7/11,1163,1164,355,836,2375,2233,88,168,5267,628,3520,238,4643,5695,979,294,1616,149,182,445,231,643,224,2629,104,8139,1747,1232,6293,1201,566,349,388,470,491,2969,2567,138,460,567,1918,5778,146,225,130,285,509,5357,238,2950,130,117,147,6073,
7/12,1117,1044,345,774,1168,2132,102,132,4188,628,3648,207,4848,7356,874,294,1885,144,190,420,269,562,376,3012,98,6756,2517,1211,5903,1098,566,284,377,418,451,3092,2336,194,419,520,1886,5643,139,193,127,249,478,4158,232,3019,125,120,142,5476,
7/13,995,995,291,700,956,2034,92,122,3633,693,3637,184,4682,7756,854,283,2136,158,192,374,361,503,1073,2054,98,5246,2379,1120,6064,1090,555,214,417,426,370,2878,2102,203,419,549,1790,5102,142,182,124,234,448,3733,245,3376,124,107,139,5099,
7/14,997,1044,215,592,856,1505,89,116,3633,712,3320,151,4068,8020,869,262,1791,149,197,374,421,459,1209,1716,98,4752,2016,1071,5686,1024,435,200,349,306,320,2560,1811,182,400,558,1712,4634,135,173,121,217,427,3565,252,2490,124,102,135,4639,
7/15,1025,1074,259,564,896,1265,116,100,4356,787,3469,154,3902,7500,788,248,1489,135,204,329,534,382,1512,1619,95,4795,2053,1153,4966,1036,457,140,281,299,336,2297,1802,121,1141,502,1583,4190,131,172,133,191,375,3658,284,2268,121,85,119,4351,
7/16,886,1214,366,557,886,1152,114,95,4059,749,3450,166,3931,5961,875,238,1319,135,190,311,594,377,1181,1526,88,5010,1530,1220,5672,761,435,143,243,289,340,2102,1704,136,660,520,1436,4230,125,165,176,172,334,3504,302,2070,120,73,121,4517,
7/17,789,1263,363,530,896,924,274,90,3495,656,3468,154,3775,4836,1047,218,1096,139,161,294,771,303,942,1123,85,5472,1204,1079,5788,677,392,111,262,278,270,1969,1784,125,407,479,1427,3886,118,151,219,161,295,3302,260,1975,118,68,121,4786,
7/18,759,1283,290,531,795,1062,252,79,2960,524,3609,154,3004,4362,1210,223,938,126,147,290,541,259,767,1084,85,6470,986,893,5851,587,350,151,163,446,257,1847,1835,131,404,451,1341,3686,110,140,274,150,267,3008,245,1829,115,66,117,5174,
7/19,748,1144,270,470,795,1132,187,90,2524,487,2984,160,2851,3944,1291,228,801,121,133,308,688,277,445,1084,85,5866,927,682,5423,528,335,81,163,515,259,1742,1874,131,349,424,1066,3704,105,136,213,135,267,2599,229,1745,110,56,113,5353,
7/20,718,1025,215,376,745,1001,113,100,2356,468,2465,154,3063,3649,1138,255,833,121,112,332,456,294,321,1123,85,5586,705,621,5053,428,305,79,134,495,218,1646,1841,130,333,417,1026,3695,100,129,188,142,210,2297,207,1707,105,146,108,5113,
7/21,666,905,193,335,745,841,114,79,2386,544,2831,149,2955,3742,993,226,821,107,102,319,335,259,272,1084,77,5349,681,625,5437,349,278,95,127,347,259,1752,1864,101,262,396,828,3282,95,122,176,172,200,2240,400,1550,102,132,103,4285,
7/22,615,975,151,220,696,723,114,85,2415,693,3161,125,2848,4126,771,258,857,79,98,296,291,210,249,997,77,5020,681,694,4397,346,245,85,116,327,223,1922,1949,106,243,326,726,3038,90,129,164,187,200,2192,338,1480,100,107,99,3840,
7/23,546,756,140,240,798,711,114,85,2485,536,2943,119,2800,4578,701,213,926,84,84,308,218,229,188,1084,72,4598,760,1119,4019,285,209,94,112,426,195,1614,1923,128,207,298,595,2954,88,136,148,183,180,2187,306,1363,96,92,92,3520,
7/24,482,567,82,261,775,681,113,74,2425,459,2813,137,2741,4039,594,214,1058,75,70,272,199,191,171,1355,69,4043,760,1103,3674,243,197,49,98,614,233,1178,1716,133,169,284,534,3117,86,126,136,144,175,2223,363,1127,90,80,83,2940,
7/25,461,597,89,209,856,711,110,69,2336,384,2203,137,2741,3738,594,215,1246,70,203,254,176,191,136,1304,72,3857,790,1277,3170,255,161,63,82,466,227,1060,1412,116,182,261,529,3171,86,119,127,124,180,2282,303,1380,95,68,80,2715,
7/26,410,547,83,209,856,601,102,63,2643,375,2093,149,2878,3512,549,225,962,70,241,248,163,191,119,1168,66,3796,721,977,2727,207,150,79,85,327,143,986,1147,123,162,233,510,2666,80,129,114,120,176,2223,259,1700,94,63,82,2369,
7/27,390,517,83,188,885,541,199,58,3158,356,2416,143,2946,3420,513,358,850,70,161,219,150,163,110,1141,56,3816,681,590,2540,218,136,40,78,376,176,754,920,123,129,238,501,2358,76,158,108,111,159,2102,222,1740,89,83,86,2163,
7/28,338,537,86,261,835,501,211,51,2126,290,2595,121,2565,3658,504,283,723,75,143,225,141,153,99,1084,56,4495,721,689,2489,201,121,68,78,426,82,662,855,128,137,220,436,2132,73,126,104,103,144,1713,204,1260,80,114,91,2032,
7/29,276,507,70,261,765,461,261,63,1841,300,2206,126,2292,4186,504,287,664,49,126,201,134,134,89,980,59,4866,750,712,2428,255,87,85,72,594,104,570,800,119,137,252,391,2249,70,100,111,100,189,1551,176,1000,78,163,83,1821,
7/30,261,477,82,303,674,413,398,58,1554,272,1898,115,2283,4139,421,203,664,51,147,183,127,105,99,799,49,5884,750,644,2193,172,87,67,66,446,114,532,691,109,145,332,457,2366,67,105,118,90,180,1510,153,878,74,192,75,1637,
7/31,234,438,86,240,886,322,324,58,1426,262,1611,91,1783,4070,427,174,606,65,154,172,124,105,105,769,46,3824,691,527,1704,216,96,36,56,378,163,518,634,114,121,294,421,2818,65,98,108,82,180,1428,153,777,73,161,73,1504,
8/1,319,507,178,352,998,345,315,59,1425,308,1379,124,1489,3927,392,199,586,61,168,133,147,219,95,810,55,3040,790,627,1394,212,205,116,146,873,208,527,616,185,234,247,304,2901,63,89,96,86,169,1420,172,725,70,144,73,1338,
8/2,289,507,173,477,998,298,279,50,1454,286,1334,110,1328,3584,413,192,552,56,134,124,144,131,83,783,55,2636,693,519,1307,215,256,9,147,902,167,519,619,164,163,229,282,2287,63,80,87,174,144,1357,153,633,65,121,83,1232,
8/3,304,483,160,502,744,276,229,54,1367,255,1142,130,1184,3152,407,173,536,37,103,124,139,143,67,847,50,2615,547,475,1364,146,453,138,148,745,133,399,567,83,148,172,222,1778,63,76,78,180,138,1331,140,592,62,102,90,1131,
8/4,289,483,155,565,738,322,172,39,1269,244,1063,110,1133,2855,353,173,508,43,93,97,131,94,73,832,50,2957,450,448,1351,226,362,34,146,573,138,291,508,83,240,172,181,1595,64,73,81,165,123,1305,134,526,60,90,94,1062,
8/5,273,471,148,678,767,322,131,39,1194,223,822,130,1090,2645,329,147,518,47,79,92,126,94,87,781,50,3113,265,448,1452,144,291,14,128,351,196,407,572,69,179,141,188,1340,63,66,114,127,102,1348,130,510,56,85,214,965,
8/6,243,401,141,791,745,211,128,34,1079,175,741,130,1067,2491,339,141,509,61,79,82,122,91,100,672,56,3058,233,463,1584,163,251,39,101,256,174,369,616,59,67,122,188,1254,65,64,127,107,92,1387,115,471,55,80,409,892,
8/7,243,295,125,628,639,201,128,54,1031,160,709,151,1050,2702,334,141,497,52,72,75,114,94,60,510,48,2504,225,478,1422,142,244,154,101,179,198,318,498,56,76,127,184,1047,65,62,151,86,82,1293,113,439,54,75,310,827,
8/8,182,259,137,427,559,193,121,59,1030,202,709,130,1242,3124,334,128,501,61,69,86,110,81,59,438,48,2169,205,518,1174,186,189,21,111,155,128,342,470,70,193,90,181,1029,60,59,127,126,87,1116,110,406,53,70,179,795,
8/9,152,236,120,414,445,201,86,54,1103,212,704,117,1005,3564,332,115,487,37,59,258,114,84,67,376,43,1878,194,503,886,163,160,84,86,130,119,343,301,56,152,113,146,968,58,58,118,106,86,975,107,395,53,68,141,758,
8/10,182,242,120,339,362,179,91,54,1277,191,688,110,988,3651,329,134,467,47,51,297,155,77,56,329,39,1785,194,459,731,143,138,99,78,102,119,164,265,66,193,108,144,852,56,55,116,89,77,858,92,376,51,66,121,685,
8/11,121,226,113,264,329,158,82,43,1153,180,649,110,956,2444,339,103,477,41,42,219,145,71,53,269,43,1702,194,379,774,228,112,10,70,77,119,267,200,66,100,99,127,809,57,55,122,72,82,771,92,338,49,64,105,661,
8/12,182,215,113,186,274,148,72,34,831,133,649,96,816,1638,321,121,456,41,42,184,105,74,56,262,39,1532,193,367,955,211,125,129,78,73,77,200,254,31,138,90,132,699,57,52,110,71,71,669,99,306,49,62,94,649,
8/13,213,202,113,162,219,154,82,32,747,125,586,96,772,1916,329,115,405,43,44,120,110,64,73,241,35,1411,192,319,884,194,107,115,78,74,119,248,283,29,93,85,130,615,73,50,105,69,68,609,99,268,49,60,86,673,
8/14,228,283,120,136,219,142,122,44,616,122,538,103,660,2000,301,109,388,47,44,97,105,61,131,214,35,1411,188,275,833,152,102,171,60,63,158,272,204,38,68,80,133,615,145,49,100,64,61,554,84,255,48,59,73,716,
8/15,228,259,126,118,219,126,134,59,568,125,442,96,645,2760,266,121,340,43,42,61,100,69,211,180,29,1380,194,260,985,139,91,87,70,77,228,322,310,28,64,92,115,642,130,45,95,60,51,478,99,246,45,58,67,725,
8/16,228,224,125,123,219,142,134,54,491,115,448,103,619,2597,266,109,350,43,47,49,100,71,186,162,30,1442,192,230,691,65,91,88,60,63,198,391,147,42,87,78,136,565,125,42,90,60,51,452,90,229,45,56,62,645,
8/17,152,198,102,126,197,117,182,63,462,115,414,103,568,1878,258,109,310,32,42,49,92,61,194,149,25,1411,188,220,575,156,95,53,60,77,138,380,219,66,54,59,140,556,120,40,85,60,46,497,82,244,46,55,60,597,
8/18,167,147,113,201,175,119,190,63,453,118,378,103,578,1706,275,103,281,26,40,40,92,57,146,124,23,1307,183,178,468,140,100,132,60,57,133,276,152,90,68,66,108,487,110,38,80,58,41,541,70,248,46,55,56,718,
8/19,167,127,108,105,107,226,176,59,366,104,362,110,578,2123,249,109,235,32,40,36,102,49,123,118,26,1214,176,165,404,133,95,61,78,69,135,267,180,94,142,66,115,487,109,42,75,55,30,501,70,223,48,54,73,649,
8/20,182,124,113,98,103,322,143,50,318,149,360,96,588,2918,280,103,233,43,40,37,100,56,81,101,26,1152,176,160,341,109,87,129,45,63,159,391,134,77,127,43,122,433,114,44,70,55,40,478,70,204,46,53,62,604,
8/21,167,111,125,93,100,338,158,54,298,149,360,124,567,1751,271,74,239,43,40,42,97,45,80,101,30,1110,176,140,329,72,78,141,60,69,128,248,138,126,42,53,101,454,92,69,65,55,46,420,68,197,43,51,57,533,
8/22,97,119,130,98,96,371,144,32,308,149,306,110,844,1365,242,103,231,56,35,44,97,49,59,93,26,1027,164,140,254,89,74,35,45,69,130,136,121,133,37,84,85,412,88,58,60,51,35,408,64,185,42,50,54,1124,
8/23,93,104,125,89,96,371,131,28,289,191,359,70,948,1066,335,121,221,66,33,37,92,49,59,89,30,1453,146,135,244,184,78,42,28,73,109,147,125,115,85,106,80,357,91,59,55,51,35,400,61,166,40,49,52,824,
8/24,106,111,120,98,88,211,134,28,289,202,324,70,1100,1048,327,134,227,47,28,46,97,52,52,90,26,1432,152,145,165,187,74,14,28,57,161,131,114,84,100,117,78,325,90,48,50,51,30,400,58,150,38,48,50,628,
8/25,91,104,121,89,92,147,95,29,220,180,288,70,1660,912,241,128,211,32,30,42,92,52,58,108,30,1180,135,145,197,140,74,7,53,57,168,173,122,70,54,113,73,311,85,46,45,51,25,382,56,153,39,47,48,476,
8/26,73,104,130,98,85,163,71,30,207,117,270,76,851,848,178,128,207,32,37,47,85,49,75,123,30,874,131,150,173,140,66,8,45,54,100,191,115,108,87,76,70,338,80,44,43,51,20,369,57,153,38,45,46,418,
8/27,61,99,113,80,81,169,82,31,177,83,275,63,756,763,151,147,204,52,30,46,72,45,72,118,30,767,135,160,205,140,65,110,45,54,128,257,107,115,77,66,68,339,75,42,41,49,35,363,55,140,36,44,45,406,
8/28,52,92,120,77,81,135,78,36,188,85,276,66,666,706,180,128,196,61,40,40,67,49,64,108,26,649,131,145,196,179,65,49,28,54,138,239,112,108,17,61,69,357,70,40,40,48,30,350,54,155,35,43,44,362,
8/29,58,92,121,80,86,129,68,28,184,78,188,76,730,674,182,128,170,52,52,47,67,52,80,114,26,540,131,145,280,173,78,33,35,63,128,30,97,98,33,56,66,350,65,39,39,48,35,338,51,155,33,42,43,326,
8/30,58,80,141,77,78,119,78,31,202,127,216,76,929,578,182,82,168,71,52,42,72,49,56,97,30,498,123,150,254,81,115,22,29,54,79,93,101,95,42,50,62,385,60,38,38,48,30,318,51,150,31,41,43,292,
8/31,36,84,109,77,70,122,67,36,204,149,188,76,561,768,155,79,170,76,59,40,59,39,48,86,30,488,128,145,274,98,170,59,22,63,42,57,108,107,30,48,57,256,55,39,37,43,30,318,50,127,29,40,41,264,
9/1,41,155,129,91,92,129,67,33,203,92,175,92,453,1386,185,77,133,21,40,47,128,25,38,60,65,542,143,174,323,51,210,22,46,61,96,145,226,315,54,47,52,223,50,38,36,45,35,318,49,121,28,39,40,247,
9/2,73,149,155,96,454,121,72,29,181,134,139,88,454,1431,172,87,127,22,45,55,128,29,36,64,65,519,147,166,296,65,146,33,36,53,53,51,224,97,142,45,48,237,45,37,35,41,47,312,48,123,26,39,39,243,
9/3,64,128,128,90,272,110,93,30,241,83,156,92,370,1105,162,82,133,13,35,59,115,31,30,60,56,692,137,191,221,76,83,4,36,52,109,292,194,122,190,43,43,219,40,37,33,43,42,286,48,108,26,38,39,385,
9/4,64,134,142,91,136,110,54,23,407,92,179,84,373,815,172,124,126,14,30,51,128,31,25,64,56,899,137,191,272,148,78,12,18,497,75,70,183,86,85,41,43,216,35,38,31,46,40,280,50,116,25,37,38,491,
9/5,64,149,181,91,92,110,49,19,436,100,179,76,293,688,162,148,133,14,34,47,99,36,38,58,65,1060,122,191,319,148,62,16,46,159,68,105,198,71,68,39,43,196,33,41,31,43,38,289,52,118,24,37,36,391,
9/6,138,155,1100,96,88,96,57,25,1870,109,171,76,326,634,164,154,118,13,25,43,99,31,38,59,56,587,117,198,494,83,71,38,34,95,75,39,194,63,39,39,43,183,32,38,30,41,35,274,45,132,23,36,37,288,
9/7,160,155,769,96,92,91,63,32,2210,109,186,79,269,670,164,167,123,14,57,47,87,31,30,63,49,522,117,162,354,144,71,101,61,75,138,106,176,49,68,38,35,162,32,37,29,43,35,274,38,120,24,35,37,231,
9/8,160,105,426,91,77,91,87,32,1917,83,139,81,307,616,151,160,113,13,55,51,87,34,32,58,42,518,115,145,274,117,60,61,71,61,85,30,167,63,78,36,32,162,35,36,28,38,35,274,32,121,24,34,37,208,
9/9,183,143,323,85,73,110,87,33,1083,117,139,107,278,589,167,204,121,14,39,51,87,34,32,64,49,346,104,122,780,94,62,92,36,52,96,55,167,43,61,35,32,162,35,34,28,41,35,268,32,120,23,33,36,195,
9/10,183,143,276,75,73,111,113,33,1069,109,164,107,355,498,170,197,119,13,46,55,87,42,42,55,49,278,104,110,1360,112,62,72,46,61,138,149,150,55,88,33,30,176,33,32,28,43,35,268,32,120,21,34,38,288,
9/11,160,122,168,80,73,202,233,26,2087,75,179,115,278,461,162,216,120,15,29,43,99,47,38,52,49,251,99,125,592,148,65,84,18,43,117,3,148,66,26,33,28,189,34,30,28,41,35,255,32,92,21,35,39,280,
9/12,183,143,203,85,61,380,439,21,1190,67,160,124,278,414,151,209,108,15,33,34,87,52,43,50,56,231,89,94,410,86,65,87,46,63,85,33,160,61,31,33,26,176,36,28,27,41,35,255,32,79,20,36,45,268,
9/13,183,143,128,76,73,378,375,19,859,83,159,107,280,426,169,228,105,14,30,38,87,50,32,52,65,219,93,83,274,81,65,50,54,52,40,90,158,46,29,32,25,649,35,28,27,36,40,248,32,79,20,38,56,247,
9/14,160,122,99,80,67,204,285,16,718,92,197,115,201,408,162,228,106,11,33,43,74,41,23,47,49,202,89,88,252,74,62,41,61,55,43,100,150,41,5,32,23,529,33,27,26,34,40,312,31,83,19,37,75,227,
9/15,115,118,103,51,73,153,179,21,586,75,171,107,240,371,145,241,103,11,30,43,99,41,33,47,62,202,85,76,252,19,55,31,36,43,43,35,144,53,39,32,22,332,31,26,26,41,40,295,30,82,19,36,61,209,
9/16,78,122,84,79,67,129,159,23,623,92,148,99,168,371,162,253,99,8,33,37,99,41,37,47,56,204,74,76,164,64,55,20,36,43,106,30,146,41,7,31,22,226,29,27,26,48,40,268,28,76,18,35,53,203,
9/17,64,113,84,69,67,96,159,23,491,100,129,91,174,371,159,234,112,10,28,175,87,34,43,42,56,217,74,76,208,19,55,27,61,43,111,28,111,49,75,29,21,218,27,28,26,63,40,242,25,70,18,34,47,189,
9/18,64,122,64,63,51,110,126,19,373,109,139,76,174,326,172,216,99,13,30,264,74,25,43,39,49,221,70,69,207,148,55,56,71,33,85,147,91,61,141,28,20,210,26,27,26,51,40,210,22,61,18,33,44,170,
9/19,64,122,49,75,51,110,147,16,320,83,135,84,158,292,170,176,96,16,30,239,45,24,43,31,56,202,58,69,197,155,62,61,71,43,75,23,75,52,72,27,20,183,25,26,27,47,40,181,21,67,20,32,43,162,
9/20,64,107,49,75,47,76,132,23,312,100,130,79,168,292,252,181,92,15,42,224,74,29,41,36,49,190,55,66,99,79,50,50,71,47,75,169,73,125,29,26,20,114,25,26,28,45,40,185,25,57,24,31,51,160,
9/21,55,113,41,63,47,72,112,29,312,100,139,76,180,285,188,154,83,11,34,191,45,34,37,36,49,151,58,66,98,4,50,50,71,25,176,38,59,125,68,26,20,116,24,30,30,43,40,271,19,58,28,30,55,156,
9/22,64,101,35,63,57,53,132,27,312,117,114,79,183,311,167,150,86,13,45,170,58,29,35,31,36,167,45,69,121,121,45,31,87,29,133,19,66,106,31,26,20,122,23,62,32,41,40,468,20,58,23,29,64,150,
9/23,71,101,41,53,51,53,132,30,302,92,139,88,188,426,162,150,86,14,38,162,87,25,43,25,49,174,41,59,143,43,45,46,71,39,68,22,59,134,49,25,18,120,22,55,38,40,40,468,19,60,21,39,64,135,
9/24,55,101,39,60,30,59,101,33,236,83,142,88,285,408,152,134,160,16,37,128,58,29,36,25,56,159,41,48,73,118,45,46,87,43,53,102,32,54,78,25,18,110,21,48,32,39,40,357,19,64,20,28,58,120,
9/25,54,92,52,60,27,95,70,30,236,58,145,72,2473,290,171,120,245,16,30,106,74,25,37,17,65,151,41,66,55,133,55,63,51,39,85,40,27,57,58,24,18,101,21,42,30,38,40,299,18,57,19,27,52,110,
9/26,64,101,77,49,47,53,66,37,264,50,141,91,8203,299,134,113,245,17,35,90,74,25,32,25,65,141,45,66,77,103,39,76,97,25,91,29,23,91,29,22,17,101,20,40,28,37,40,268,18,51,19,26,48,101,
9/27,64,80,77,38,42,59,69,37,236,58,130,99,5585,299,143,124,264,17,42,77,74,25,32,23,49,100,50,59,121,78,50,23,102,33,96,39,37,47,107,22,17,95,19,38,27,36,40,223,19,51,18,26,45,93,
9/28,64,97,65,34,36,59,60,43,227,50,99,91,1953,326,99,136,188,17,35,72,74,31,37,17,65,105,35,66,87,103,50,24,102,39,81,37,15,76,98,21,16,93,18,36,28,35,40,191,20,51,18,26,43,88,
9/29,48,80,65,27,21,95,61,32,198,28,90,107,1201,326,105,141,264,21,58,256,74,29,29,20,65,92,41,69,277,74,34,88,102,43,58,41,161,74,147,20,15,92,18,34,31,34,40,172,20,45,17,27,38,84,
9/30,71,105,52,19,32,132,57,25,189,28,114,99,821,589,134,154,292,22,45,579,87,25,38,17,33,70,35,53,373,41,45,72,87,47,75,34,333,49,117,20,15,92,17,33,34,33,44,146,25,45,17,27,34,90,
,,,,,,,,,,,,,,,,,,,,,,,,,,,,,,,,,,,,,,,,,,,,,,,,,,,,,,,
Count,365,365,366,365,365,365,366,365,365,365,366,365,365,365,366,365,365,365,366,365,365,365,366,365,365,365,366,365,365,365,366,365,365,365,366,365,365,365,366,365,365,365,366,365,365,365,366,365,365,365,366,365,365,365,79
Annual Yield (af),"776,676","757,142","580,688","872,446","977,160","842,006","330,384","209,394","1,180,366","773,198","1,200,149","501,052","1,446,294","1,675,244","1,020,273","586,406","1,181,233","336,045","412,347","661,724","419,968","478,831","369,497","982,749","372,614","1,535,388","977,142","1,216,771","1,222,355","861,874","747,916","479,955","662,345","740,818","614,683","1,132,259","1,301,812","403,126","570,252","762,883","828,389","1,378,623","390,908","477,412","336,574","277,335","792,774","1,762,772","653,338","1,073,748","356,285","283,966","508,782","1,544,930","9,979"
October,"8,250","2,692","2,558","5,249","4,268","2,651","14,811","3,421",615,"3,412","7,089","3,171","5,241","29,194","10,075","6,126","7,928","5,362","1,802",690,"7,152","1,075","1,986","2,633","1,217","4,876","2,069","1,952","1,686","3,726","1,617","1,994","1,427",642,"1,837","7,130","2,646","2,399","2,212","1,376","10,814","22,474","8,141",750,982,875,"3,034","24,273","2,752",893,"1,092",549,"22,469",694,"2,189"
November,"8,034","11,241","6,427","7,467","30,745","3,104","12,108","1,993","2,137","3,971","9,302","3,352","25,528","25,244","36,341","14,212","6,601","1,817","6,805","3,749","6,633",938,"5,724","3,016",466,"13,689","1,151","18,997","2,749","6,895","2,611","2,806","5,670","11,552","2,188","9,126","3,725","3,407","2,330","11,409","2,911","17,029","3,401","3,406","1,202","1,907","8,453","16,131","15,287","2,622",849,"1,207","15,044","2,539","1,916"
December,"15,699","16,677","11,222","14,733","19,971","7,181","6,914",896,"12,806","6,353","9,388","5,180","30,463","22,532","34,348","9,721","14,446","1,856","8,016","5,520","6,681","1,012","3,556","5,771","2,103","12,373","9,063","33,829","5,981","10,477","1,957","3,033","14,575","8,670","10,221","8,981","31,599","4,695","3,205","4,421","5,099","36,363","1,855","19,788","1,300","7,008","13,706","24,399","5,660","6,142","5,113","1,495","13,927","17,153",926
January,"37,549","18,032","9,538","15,072","21,491","9,397","5,620","1,299","18,705","17,233","56,822","5,345","20,776","19,434","18,724","8,922","18,992","2,222","11,482","7,598","7,136",431,"4,788","18,975","2,296","28,707","15,586","117,192","19,036","13,526","9,560","3,859","14,920","14,691","11,424","21,338","25,213","5,288","7,193","15,823","9,982","21,020","5,472","11,373","1,713","3,700","16,693","51,382","10,135","10,982","3,766","2,434","12,879","37,884",0
February,"13,233","15,186","10,474","14,081","10,045","12,652","6,092","1,575","17,774","12,696","29,501","9,890","38,371","19,590","13,570","9,493","44,726","5,026","10,937","10,815","8,305",746,"10,250","13,135","4,605","22,306","38,958","19,650","21,696","20,488","18,043","7,381","12,534","10,315","13,978","17,832","21,227","9,517","11,670","15,181","12,863","16,083","5,032","7,642","9,478","15,246","21,870","57,597","7,023","23,327","4,205","6,043","10,997","12,317",0
March,"21,786","20,645","33,183","16,057","24,984","20,081","11,989","3,739","33,326","24,354","21,485","14,817","21,974","31,489","27,231","16,265","52,184","10,189","20,512","39,960","21,544","17,672","15,280","33,991","15,642","46,349","33,267","37,842","33,913","21,193","25,496","28,782","19,167","19,821","43,879","31,635","26,377","25,887","22,130","28,296","21,684","29,792","14,054","21,888","16,645","13,378","40,783","42,596","30,061","23,527","9,722","9,650","21,382","36,214",0
April,"28,375","32,950","30,510","42,833","38,168","20,176","19,663","20,247","40,881","39,485","54,442","50,823","74,964","25,100","44,463","63,317","63,794","45,962","38,653","73,026","52,023","27,666","51,984","45,030","41,141","49,490","61,934","64,447","40,057","38,411","60,744","46,283","66,747","35,493","58,321","44,116","57,589","43,102","42,548","53,308","38,826","57,086","56,073","58,191","44,392","22,347","68,157","67,126","95,550","68,596","42,645","35,489","47,705","58,020",0
May,"113,798","85,105","97,528","166,512","146,837","123,021","63,021","26,272","129,336","156,999","117,851","94,957","169,247","130,825","168,943","101,409","151,282","66,985","65,008","98,669","52,493","77,454","60,307","149,692","76,017","113,088","144,645","164,610","76,554","147,521","138,198","118,148","108,797","131,147","97,909","183,444","198,929","78,986","103,043","157,541","75,552","102,211","77,299","77,042","63,630","43,767","107,313","194,013","101,745","116,510","83,349","62,763","75,433","190,071",0
June,"106,834","132,007","71,774","128,081","145,576","169,342","13,566","38,816","193,752","97,795","160,712","52,279","182,322","272,964","111,835","48,639","171,788","24,205","35,451","75,044","34,228","93,674","15,887","147,510","37,779","218,080","131,936","112,269","215,220","134,692","98,408","19,395","76,044","116,955","51,074","159,187","206,285","20,170","74,158","74,268","183,801","209,145","18,490","31,256","21,888","22,343","101,560","263,042","48,923","205,956","22,872","15,990","27,981","234,917",0
July,"29,901","36,585","10,387","20,024","38,087","46,787","4,847","5,137","105,281","19,906","116,892","6,891","105,650","188,356","35,139","8,688","48,721","3,869","6,338","12,337","9,715","17,488","12,752","65,108","3,836","205,988","44,348","30,483","168,461","30,119","14,001","6,618","9,970","16,590","12,086","77,562","70,421","4,803","13,710","18,958","51,225","153,206","3,882","6,639","5,034","5,589","14,958","118,009","8,608","70,943","3,919","4,575","4,327","160,909",0
August,"5,237","6,987","3,959","7,648","10,012","6,477","4,103","1,358","20,800","5,048","17,164","3,138","27,970","64,153","8,890","3,895","10,878","1,485","1,764","2,736","3,253","2,271","2,702","9,325","1,126","49,735","7,224","9,092","22,144","4,749","4,490","2,203","2,271","5,628","4,359","8,397","8,373","2,616","3,189","3,109","4,087","24,843","2,511","1,661","2,540","2,416","1,992","22,006","2,746","9,365","1,454","1,977","2,975","21,975",0
September,"2,880","3,618","5,205","2,100","2,468","3,642","3,835",816,"19,688","2,569","4,428","2,770","26,667","15,721","4,827","4,959","4,199",444,"1,124","3,476","2,571",984,"1,072","1,284","1,632","9,411","2,461","3,092","8,774","2,730","1,951","1,476","1,811","1,992","2,627","2,099","3,945","2,373","2,112",930,802,"5,804",874,"1,059",886,"1,247","1,171","8,157",901,"2,485",641,994,"1,392","6,209",0
